risk_probability,risk_class,osmid,shap_Lighting_high,shap_Visibility_high,shap_Connectivity_high,shap_Enclosure_high,shap_Land Use_high,shap_Transit Proximity_high,shap_Lighting_low,shap_Visibility_low,shap_Connectivity_low,shap_Enclosure_low,shap_Land Use_low,shap_Transit Proximity_low,shap_Lighting_medium,shap_Visibility_medium,shap_Connectivity_medium,shap_Enclosure_medium,shap_Land Use_medium,shap_Transit Proximity_medium
0.9995,low,"[8380803, 309051278]",1.5326628854950286e-13,-0.17762634851557596,0.12753706441051962,-0.3006976889335304,-0.07212993847060792,-0.21785302407072585,-0.0010494724657169954,0.19644316522095817,-0.16682653972136838,0.27464146237655723,0.17521284590719358,0.3062513102427918,0.001049472465563684,-0.018816816705382395,0.039289475310848684,0.026056226556972734,-0.10308290743658573,-0.08839828617206612
0.8934,high,246638753,0.006806401770396764,-0.23496365962856866,0.4201664997108949,-0.20134030799363395,0.07154234632906831,0.19046067331972547,-0.010750219348904716,0.08748046549088903,-0.2602117512365855,0.06510539851309495,-0.02964559653242334,-0.06677042018750298,0.003943817578507796,0.14748319413767977,-0.15995474847430932,0.13623490948053907,-0.041896749796644914,-0.12369025313222223
0.794,low,18508391,2.6922908347160046e-15,-0.3306787506026633,0.06575106588636831,-0.310788610463428,0.00010349949244935902,-0.0651571398924401,-0.002936115440263787,0.29962148823505597,-0.06832995160953946,0.2622253082663216,0.006981857373614936,0.08162377811253134,0.002936115440261032,0.03105726236760707,0.0025788857231710954,0.04856330219710597,-0.00708535686606457,-0.01646663822009148
0.5247,low,294871189,1.0630385460785874e-14,-0.33474365198928063,0.06534538375899263,-0.31688207719998385,0.0017973235656310246,-0.05628691371477841,-0.0055566533073629285,0.244270198874096,-0.10916064576388562,0.21100835200768706,-0.035972601505317704,0.0053257550914267435,0.005556653307352211,0.09047345311518407,0.043815262004892774,0.10587372519229626,0.03417527793968601,0.050961158623351224
0.9993,medium,"[245672930, 294871188]",9.312041263129234e-06,-0.4217239474519764,0.13649164988648255,-0.3631153863052519,-0.004035047062513668,0.012317943751276879,-0.013230610053635017,0.098802815864179,-0.22319484468081816,0.0732352202966722,-0.037060999367181914,-0.11334370535071979,0.013221298012372085,0.3229211315877978,0.08670319479433605,0.2898801660085797,0.04109604642969569,0.10102576159944311
1.0,medium,"[1360092505, 450445885]",2.1340838818328933e-10,-0.3846895742496518,0.05750039914089596,-0.34352614802128834,0.006751581251663544,0.023193816911065625,-0.010926102878920714,0.12224502205041944,-0.17398267699920747,0.09348605960206512,-0.057546670199666757,-0.18805936824788783,0.010926102665512308,0.26244455219923246,0.11648227785831135,0.25004008841922304,0.05079508894800318,0.16486555133682226
1.0,high,295215797,0.005122813118842481,0.07990556973086191,0.05843198307032119,0.1347678670321721,0.013552239351018708,0.06744959211701604,-0.004491900867376948,-0.044779109580955934,-0.0377883955498163,-0.06385931103314713,-0.014446175559149333,-0.04942723071098705,-0.000630912251465502,-0.03512646014990595,-0.02064358752050496,-0.07090855599902504,0.0008939362081306097,-0.018022361406029138
1.0,high,4743362,0.004478188146826073,0.07223960154873305,0.085316513857429,0.12051049323490459,0.01094916059755354,0.0657361070347861,-0.0039047682820978896,-0.04285608981259857,-0.05210979750547394,-0.058163165373339265,-0.01176020504678453,-0.04599809728113853,-0.000573419864728187,-0.029383511736134658,-0.0332067163519552,-0.06234732786156533,0.0008110444492310034,-0.019738009753647593
1.0,high,295215797,0.005646412601818543,0.09295064658297456,0.03848342161903983,0.16723958579598405,0.026467190993151035,0.02844280682726421,-0.005408636074348688,-0.053692543563572614,-0.0257080066555521,-0.07737605523804611,-0.020913790728261786,-0.031693091041651446,-0.00023777652747003844,-0.039258103019401996,-0.012775414963487795,-0.08986353055793804,-0.005553400264889303,0.0032502842143871686
1.0,high,4743363,0.0062763954076898165,0.0673938108565077,0.10713948827671557,0.13729580706523561,0.025962606349340688,0.015161956464742936,-0.005924108875156452,-0.041431641598282214,-0.06275615014144172,-0.06468237562982153,-0.01789214881053044,-0.022105698246200376,-0.0003522865325335557,-0.025962169258225646,-0.04438333813527379,-0.07261343143541414,-0.008070457538810251,0.006943741781457437
1.0,high,4743364,0.0036568097353946866,0.06639244481937101,0.07641666176983616,0.10229784775091946,0.00779437747011108,0.10267192287460017,-0.003677857107864939,-0.04079105448568999,-0.051351672773691646,-0.05591419195747687,-0.011528904692962008,-0.05152844228374722,2.1047372470286985e-05,-0.025601390333681036,-0.02506498899614462,-0.046383655793442544,0.00373452722285089,-0.05114348059085294
1.0,high,"[295215802, 295215803, 241868444]",0.004771492290763679,0.07543416553369645,0.058090830167650175,0.13551744939201296,-0.018715566296086592,0.10413169333219613,-0.0047769873070670835,-0.048417153376846676,-0.038673883820101944,-0.07122375641268498,0.008625532233704158,-0.06032587461843612,5.495016303487532e-06,-0.027017012156849794,-0.019416946347548238,-0.06429369297932794,0.010090034062382455,-0.04380581871375998
1.0,high,18618230,0.0076367807807976446,0.09061093581507013,0.11584576172128955,0.1480210192170551,0.02167491633276735,-0.02455934944674699,-0.007646314009135825,-0.054453068207669465,-0.05971763520402818,-0.07513238183061745,-0.020094187665987785,0.002251463616006041,9.533228338198113e-06,-0.0361578676074006,-0.05612812651726132,-0.07288863738643761,-0.001580728666779553,0.022307885830740917
1.0,high,62173510,0.008934114687457001,0.1114123287639952,0.050075189607000574,0.2818192243980857,-0.0207018434767028,-0.072308959450088,-0.010100398062429718,-0.07545462423283117,-0.023162902791099792,-0.12345413351650569,0.003645305660019458,0.013734629641414288,0.0011662833749725258,-0.03595770453116398,-0.026912286815900664,-0.1583650908815801,0.01705653781668325,0.05857432980867355
1.0,high,18618300,0.006029960372350984,0.08933827598879515,0.04027592087406876,0.1415773268953924,0.009558846211341794,0.07244973407828348,-0.0055214704309498805,-0.05389327307162315,-0.02462251732830984,-0.06627255368235031,-0.012907997083572535,-0.05157431170462699,-0.0005084899414011107,-0.0354450029171719,-0.01565340354575894,-0.07530477321304217,0.0033491508722306943,-0.020875422373656534
1.0,high,1028689883,0.005234823082960777,0.097692432069691,0.05793336675741916,0.14870356064091048,0.018129256994344617,0.0315366248749067,-0.004529127835206252,-0.05166866954823932,-0.04153764769292486,-0.06821406517375785,-0.018363356161182596,-0.030479256890121847,-0.0007056952477544794,-0.04602376252145175,-0.016395719064494232,-0.08048949546715259,0.00023409916683800238,-0.0010573679847848691
1.0,high,553234915,0.009119252355345914,0.02170100334006663,0.15184752155476822,0.1992808043339256,-0.05284924831295607,0.030130710133927763,-0.010847438919496355,-0.041778338445561065,-0.07120291532167138,-0.08516073229107964,0.01796364432143909,-0.02376634264506334,0.0017281865641502886,0.0200773351054945,-0.08064460623309679,-0.11412007204284567,0.03488560399151726,-0.006364367488864096
1.0,high,4743368,0.007640173021774194,0.09075254464234617,-0.03604040049402377,0.22507341743597,0.0036821681711674235,0.06812216164299845,-0.007522467716833667,-0.06613130160178587,0.01643470878250194,-0.09958049371631807,-0.010797022872872642,-0.04719554617612436,-0.00011770530494055464,-0.024621243040560428,0.019605691711521763,-0.12549292371965184,0.007114854701705154,-0.02092661546687406
0.9823,high,10851867,0.0077085103688207535,0.12126527837139689,-0.12433764392194666,0.06118830642063166,-0.023633636872629933,0.29933090546904234,-0.009811333139350079,-0.06934997804594512,0.06847276370875935,-0.061426100104641584,0.0018027211671550704,-0.14448019688741043,0.0021028227705292557,-0.051915300325451996,0.05586488021318699,0.00023779368400982624,0.021830915705474744,-0.15485070858163197
0.998,high,10851867,0.008702661056874297,0.13350561382917944,-0.11514276930862877,0.20821215418822053,0.15834732427683207,-0.03638497129562259,-0.009950886530672248,-0.0825083629865866,0.06372112728930479,-0.1321658024368477,-0.05759653455880787,0.0037083359221769295,0.00124822547379793,-0.0509972508425926,0.0514216420193241,-0.0760463517513725,-0.10075078971802402,0.032676635373445784
1.0,high,4743384,0.00838510257251611,0.2641928850695385,-0.2560429092683663,0.15697680550174592,0.03495381989308387,0.15076436027686085,-0.008919829920497904,-0.12716542013859977,0.12301036427540991,-0.09880898120030351,-0.028554234781520544,-0.07435402153592091,0.0005347273479818573,-0.13702746493093887,0.1330325449929562,-0.058167824301442336,-0.00639958511156348,-0.07641033874094
1.0,high,4743390,0.007489427990668887,0.20530388353154028,-0.19578192463539343,0.11147728553851816,0.027628022847086826,0.20311336907087335,-0.008093145310195893,-0.10241425003350732,0.09165900680851743,-0.08136948571532271,-0.023170930476285267,-0.09140331857463893,0.0006037173195267732,-0.10288963349803258,0.10412291782687617,-0.030107799823195388,-0.004457092370801377,-0.11171005049623413
1.0,high,4743390,0.007219837263088891,0.2102120904233212,-0.13935115652199095,0.1217534538988031,0.00580733625382748,0.15358850310318334,-0.006445564031481485,-0.1037042670019736,0.07700678584759556,-0.08135366125662694,-0.011585396644917405,-0.08871002021402886,-0.000774273231607274,-0.10650782342134753,0.06234437067439552,-0.040399792642176094,0.005778060391089877,-0.06487848288915449
1.0,high,11300057,0.007589914943240156,0.20406413326001874,-0.07877239028214644,0.1203004494948827,0.025818558247541187,0.08022939875669649,-0.007422830834254351,-0.1020643196391286,0.05026403984249968,-0.07898564180754282,-0.021808789733437486,-0.0547745811295692,-0.0001670841089857246,-0.1019998136208901,0.028508350439646734,-0.041314807687339944,-0.0040097685141036125,-0.02545481762712733
1.0,high,12373202,0.007724023052974566,0.2110737326799212,-0.14114348627513967,0.11425955895451373,0.03220065593183629,0.1351155800761267,-0.006663196793613199,-0.10572096170359438,0.07909838995858712,-0.07945821463609287,-0.019343348296626803,-0.08270479183009265,-0.0010608262593612347,-0.10535277097632681,0.062045096316552445,-0.034801344318420926,-0.012857307635209468,-0.05241078824603404
0.9934,high,12373202,0.008558606468194702,0.3543687512072986,-0.297542448373698,0.182579869139761,0.10121735254469433,0.0034790467998966935,-0.008203115715728432,-0.19905630823714132,0.14866391889572786,-0.12090307250305984,-0.03744840464706814,0.0021548589058372524,-0.00035549075246631145,-0.1553124429701571,0.14887852947797,-0.06167679663670106,-0.06376894789762622,-0.005633905705733897
1.0,high,230770489,0.006114433682226111,0.12180551844923238,0.006761877155254635,0.11192995888936574,0.018639430844088242,0.09397884540006568,-0.006811289742071791,-0.06329338692357905,-0.009125992465653656,-0.06300921850970224,-0.01795234676395263,-0.05459988889647327,0.0006968560598456693,-0.05851213152565331,0.0023641153103990363,-0.0489207403796634,-0.0006870840801356404,-0.03937895650359233
1.0,high,922816016,0.008122327708930371,0.028387487528742504,0.12766408302900772,0.023892612708720416,-0.035947760817258964,0.20711131426143847,-0.008208385317687479,-0.043149315330723914,-0.04900792955257664,-0.042923127319590304,0.0056947323591010285,-0.07719809813995532,8.605760875736793e-05,0.014761827801981226,-0.07865615347643103,0.019030514610869662,0.030253028458157426,-0.12991321612148346
1.0,high,11299615,0.007291915084751022,0.18053167538919843,-0.031628055476070206,0.1482960363231011,0.02033945743541022,0.03439903566383865,-0.008072657495611972,-0.08816293471605444,0.015962845256518705,-0.08629931637526476,-0.019228126503474458,-0.02899193346754584,0.0007807424108608498,-0.0923687406731436,0.01566521021955166,-0.06199671994783616,-0.0011113309319356565,-0.005407102196292657
1.0,high,4743386,0.008690370034595468,0.20104815863926886,0.040119321876674455,0.13460659434065966,0.030319482436985956,-0.05555386311899246,-0.009845717247903021,-0.09339810054950771,-0.019600913149953103,-0.07977323137762822,-0.020843606796959558,0.008669445820518887,0.0011553472133077093,-0.10765005808976155,-0.020518408726721633,-0.05483336296303182,-0.009475875640026703,0.04688441729847313
1.0,high,11299615,0.00897409527755079,0.27026680528097385,-0.02055097028374324,0.17560971389755586,0.0229730328197816,-0.09804286780615926,-0.010092854920494991,-0.12445699036951467,0.016529222025302454,-0.09896239567396094,-0.022167321770244636,0.02435821740748003,0.0011187596429442677,-0.14580981491145925,0.004021748258440781,-0.07664731822359469,-0.0008057110495368431,0.07368465039867929
1.0,high,241618932,0.009276686630482117,0.18111873269163695,0.07222260499793515,0.09924970297331004,0.033547332446402234,-0.036184995319533605,-0.0068424841966328795,-0.08764900036890906,-0.03246960558358958,-0.07374628986870045,-0.022125740838161753,0.00804099755456103,-0.002434202433849012,-0.09346973232272794,-0.03975299941434551,-0.025503413104609428,-0.011421591608240595,0.028143997764972537
1.0,high,4743390,0.007439584502034441,0.22108587326638535,-0.08753574908841832,0.12066507467050941,0.038707459718338645,0.05886782135138167,-0.0077890150747753975,-0.10786046806608686,0.050180883929979596,-0.07858140126288807,-0.027145746994321335,-0.043596375833340494,0.0003494305727409393,-0.11322540520029811,0.037354865158438944,-0.04208367340762072,-0.011561712724016904,-0.015271445518040785
1.0,high,4743390,0.007489427990668887,0.20530388353154028,-0.19578192463539343,0.11147728553851816,0.027628022847086826,0.20311336907087335,-0.008093145310195893,-0.10241425003350732,0.09165900680851743,-0.08136948571532271,-0.023170930476285267,-0.09140331857463893,0.0006037173195267732,-0.10288963349803258,0.10412291782687617,-0.030107799823195388,-0.004457092370801377,-0.11171005049623413
1.0,high,1391556727,0.006554639470237877,0.2745389522579496,-0.17086150490445476,0.1659899978793112,0.015475006801346385,0.06753297291520732,-0.007593713120282862,-0.1275375543767885,0.08573434928594,-0.09687661072179105,-0.019310393410870517,-0.049208200957639746,0.0010390736500450158,-0.1470013978811617,0.08512715561851433,-0.0691133871575205,0.0038353866095234973,-0.01832477195756807
1.0,high,12373202,0.007724023052974566,0.2110737326799212,-0.14114348627513967,0.11425955895451373,0.03220065593183629,0.1351155800761267,-0.006663196793613199,-0.10572096170359438,0.07909838995858712,-0.07945821463609287,-0.019343348296626803,-0.08270479183009265,-0.0010608262593612347,-0.10535277097632681,0.062045096316552445,-0.034801344318420926,-0.012857307635209468,-0.05241078824603404
1.0,high,352987332,0.006990473695295374,0.155131705533125,-0.13560377644037494,0.09866175094746646,0.018282675125592347,0.2157672355591282,-0.006821593741939379,-0.09156117330083266,0.0732916440070726,-0.06942321817747406,-0.018942611739326,-0.10133517034893323,-0.00016887995335595346,-0.06357053223229249,0.06231213243330215,-0.02923853276999244,0.0006599366137336957,-0.1144320652101949
0.9934,high,12373202,0.008558606468194757,0.35436875120729866,-0.2975424483736977,0.18257986913976118,0.10121735254469427,0.0034790467998966727,-0.008203115715728425,-0.1990563082371412,0.14866391889572778,-0.12090307250305989,-0.03744840464706815,0.0021548589058372385,-0.0003554907524662698,-0.1553124429701572,0.14887852947796995,-0.06167679663670114,-0.06376894789762615,-0.00563390570573384
1.0,high,"[284142072, 284142071]",0.005784365772977057,0.08929873580060219,-0.07092502397232218,0.32902567995041343,0.021639489599122798,-0.01559318273056064,-0.005981324674321838,-0.0925867893267906,0.04745633283653519,-0.13043027010786654,-0.022617097632792484,-0.010632974396196461,0.00019695890134488123,0.0032880535261883767,0.023468691135786902,-0.1985954098425469,0.000977608033669683,0.026226157126757053
1.0,high,4743390,0.006363607029956447,0.2081097653109179,-0.09286012000952426,0.15382360303856782,-0.006055660254449577,0.089848869304749,-0.00746870836672988,-0.10739698181769249,0.05415477699634481,-0.08597814761017572,-0.008018000279855149,-0.06008506222332428,0.0011051013367734779,-0.10071278349322524,0.03870534301317974,-0.06784545542839193,0.014073660534305001,-0.029763807081424433
1.0,high,1391554614,0.005968023146610699,0.12318850853711538,0.10829102795610573,0.10690589607932205,-0.0009543911749592127,0.01583099987603804,-0.005986724052935197,-0.06239602000658362,-0.06196686279239913,-0.055978100941914175,-0.009013246390767591,-0.019451169116832968,1.8700906324515404e-05,-0.06079248853053172,-0.046324165163706604,-0.050927795137407916,0.009967637565726788,0.0036201692407949806
1.0,high,4743390,0.00782694696990402,0.23117272674073033,-0.31545011808824347,0.13638332463043204,0.006497441630444023,0.29279974250150476,-0.007451275900995195,-0.12274222089728413,0.15835337898153218,-0.1013150400692191,-0.018109582615294596,-0.12352738280017185,-0.00037567106890872004,-0.10843050584344599,0.15709673910671154,-0.03506828456121246,0.01161214098485085,-0.1692723597013325
1.0,high,4743390,0.006363607029956447,0.2081097653109179,-0.09286012000952426,0.15382360303856782,-0.006055660254449577,0.089848869304749,-0.00746870836672988,-0.10739698181769249,0.05415477699634481,-0.08597814761017572,-0.008018000279855149,-0.06008506222332428,0.0011051013367734779,-0.10071278349322524,0.03870534301317974,-0.06784545542839193,0.014073660534305001,-0.029763807081424433
1.0,high,"[1391552737, 1433177571]",0.0066517634407565335,0.1178003095512746,-0.11327280939256906,0.11859562065968512,-0.02594195654387039,0.25539713669843184,-0.009046677339126535,-0.07804126607943747,0.0630589287482188,-0.0853488329767309,0.002367504461557605,-0.10778178011591424,0.0023949138983701233,-0.039759043471836925,0.05021388064435062,-0.03324678768295366,0.023574452082313138,-0.147615356582517
1.0,high,4743390,0.00782694696990402,0.23117272674073033,-0.31545011808824347,0.13638332463043204,0.006497441630444023,0.29279974250150476,-0.007451275900995195,-0.12274222089728413,0.15835337898153218,-0.1013150400692191,-0.018109582615294596,-0.12352738280017185,-0.00037567106890872004,-0.10843050584344599,0.15709673910671154,-0.03506828456121246,0.01161214098485085,-0.1692723597013325
1.0,high,4743390,0.006304023674591652,0.18931173312337662,-0.2332395572650572,0.0798627540224135,0.00626550543924052,0.310725605425664,-0.006686014056000694,-0.1054925670177075,0.11379127544006769,-0.08140133046350219,-0.014639100529915332,-0.12036438667437462,0.00038199038140913216,-0.08381916610566906,0.1194482818249898,0.0015385764410890072,0.008373595090674974,-0.1903612187512893
1.0,high,352987332,0.007584895046638562,0.15903848455843123,-0.08144958864132021,0.10533891119087918,-0.014778989054756771,0.1834963513203603,-0.006706647806453719,-0.09549624940995181,0.052165545898889824,-0.06906434137682362,-0.0014932332415576862,-0.09419719736553565,-0.0008782472401849886,-0.06354223514847952,0.02928404274243032,-0.03627456981405566,0.016272222296314417,-0.08929915395482456
1.0,high,4743390,0.007219837263088891,0.2102120904233212,-0.13935115652199095,0.1217534538988031,0.00580733625382748,0.15358850310318334,-0.006445564031481485,-0.1037042670019736,0.07700678584759556,-0.08135366125662694,-0.011585396644917405,-0.08871002021402886,-0.000774273231607274,-0.10650782342134753,0.06234437067439552,-0.040399792642176094,0.005778060391089877,-0.06487848288915449
1.0,high,4743390,0.006304023674591652,0.18931173312337662,-0.2332395572650572,0.0798627540224135,0.00626550543924052,0.310725605425664,-0.006686014056000694,-0.1054925670177075,0.11379127544006769,-0.08140133046350219,-0.014639100529915332,-0.12036438667437462,0.00038199038140913216,-0.08381916610566906,0.1194482818249898,0.0015385764410890072,0.008373595090674974,-0.1903612187512893
1.0,high,4743393,0.007022935914635542,0.16337516084228654,-0.02688125467644857,0.11960857809719994,-0.006365260557472691,0.1024699048000321,-0.006817487131863649,-0.084674646970019,0.016891600320681235,-0.07357827107246423,-0.005633439027676316,-0.06097987942009072,-0.00020544878277156675,-0.0787005138722676,0.009989654355767262,-0.046030307024735706,0.011998699585149066,-0.04149002537994148
1.0,high,4743390,0.007439584502034441,0.22108587326638535,-0.08753574908841832,0.12066507467050941,0.038707459718338645,0.05886782135138167,-0.0077890150747753975,-0.10786046806608686,0.050180883929979596,-0.07858140126288807,-0.027145746994321335,-0.043596375833340494,0.0003494305727409393,-0.11322540520029811,0.037354865158438944,-0.04208367340762072,-0.011561712724016904,-0.015271445518040785
1.0,high,241618932,0.007300349825028418,0.21462576717407006,0.04052669527623006,0.08420100442089751,0.05034135453645971,-0.037765106812491955,-0.00761579766496448,-0.09476072260830502,-0.01667682484225017,-0.07198334737267617,-0.02962610998802032,0.005870679174783501,0.0003154478399361865,-0.11986504456576519,-0.02384987043398023,-0.01221765704822142,-0.02071524454843977,0.03189442763770803
1.0,high,12373447,0.008159295224757793,0.12236639776179989,-0.03627300203542638,0.16006924266545255,-0.01680471825789956,0.12171136503655275,-0.010468218584013152,-0.07208143543588501,0.0167210968979256,-0.08904142787712094,-0.002338655205167595,-0.05758348309717157,0.0023089233592552237,-0.05028496232591452,0.019551905137500717,-0.07102781478833131,0.019143373463067322,-0.06412788193938095
1.0,high,1028683570,0.00865370223700039,0.15066645955064042,0.02013662884250128,0.11009105683995954,0.012937034051040436,0.05674518289909069,-0.007932476311226073,-0.07590958124898783,-0.010141788467286668,-0.06982162050953276,-0.014475544487020727,-0.03651111227737858,-0.0007212259257742965,-0.07475687830165238,-0.009994840375214658,-0.040269436330426706,0.0015385104359803524,-0.020234070621712306
1.0,high,230770489,0.007696281418505757,0.13827668643522925,0.016064392760501124,0.1935979388311252,0.03732857649688409,-0.033733811522013046,-0.007189405774952966,-0.08689651353867875,-0.012900752568622179,-0.0941354855561963,-0.022090329404838484,0.008420363541855887,-0.0005068756435528329,-0.05138017289655057,-0.003163640191879091,-0.09946245327492893,-0.015238247092045746,0.02531344798015716
1.0,high,1028683570,0.009120896845588783,0.26240698288449077,-0.019914220863006996,0.20146529084476758,0.007957199799986353,-0.1018061021099323,-0.010172321583368275,-0.120812872837575,0.015018111212982632,-0.10981156214729072,-0.016830829945653016,0.02781735199947173,0.0010514247377791074,-0.14159411004691555,0.004896109650024575,-0.09165372869747647,0.008873630145667052,0.0739887501104609
1.0,high,"[886800835, 1433177572]",0.007515077604480266,0.16783261725305532,0.10208696651711635,0.10281006600915735,0.02254064797046562,-0.043555310934042274,-0.006730158141250525,-0.08295811545064462,-0.03860972130523632,-0.07717490280253489,-0.017786509371806092,0.00846728377003974,-0.0007849194632296337,-0.08487450180241067,-0.06347724521187989,-0.025635163206622548,-0.004754138598659476,0.03508802716400246
1.0,high,230770489,0.005949968317176618,0.10382132254858506,0.003153848500338622,0.16826732128731536,0.0007752605190181443,0.07726234324779893,-0.006025138947927035,-0.061269495905448786,-0.008998517105406017,-0.073442189969249,-0.0075466633138529995,-0.05751011805954888,7.517063075060393e-05,-0.042551826643136295,0.005844668605067414,-0.09482513131806644,0.006771402794834781,-0.01975222518825004
1.0,high,"[1433177571, 4750638]",0.007502172553869729,0.2206416870143239,-0.0804709611664032,0.12701937925599488,0.007737344216340623,0.07680044254610666,-0.007192195921191281,-0.10768480315915234,0.050530717511018126,-0.08423671689828326,-0.012196746080994036,-0.054012378752829854,-0.0003099766326785901,-0.11295688385517147,0.029940243655385012,-0.04278266235771151,0.004459401864653415,-0.022788063793276844
1.0,high,230770489,0.005510355997551994,0.11326173987603586,0.0005509781622139442,0.13242961870309453,0.01388390543428613,0.0935934662470502,-0.005563047654591771,-0.06389161174752342,-0.006279492234205819,-0.06410123588115425,-0.012486098768007218,-0.06247063701595023,5.269165703980852e-05,-0.04937012812851228,0.005728514071991833,-0.0683283828219404,-0.0013978066662789354,-0.031122829231099988
1.0,high,352987332,0.0056109539722037916,0.14246506004360565,-0.030089388243895787,0.09956635198429362,0.0037866961557247933,0.1378903905083007,-0.0065838674771408826,-0.07328806686565423,0.013139012913756139,-0.06404954762591807,-0.011376385392578067,-0.0726332688538976,0.0009729135049371916,-0.06917699317795138,0.016950375330139565,-0.03551680435837559,0.007589689236853315,-0.06525712165440309
1.0,high,246630090,0.005881980712312565,0.09967447379706645,0.04675391047314278,0.1751324952788129,0.02123714415782301,0.010550060001074904,-0.006695071946094859,-0.05858450276893159,-0.02899728294647797,-0.07565657365931813,-0.020466641986853315,-0.024392049993756815,0.0008130912337823287,-0.04108997102813483,-0.017756627526664806,-0.09947592161949473,-0.0007705021709697342,0.013841989992681773
1.0,high,"[4750627, 911389015]",0.008323453707891629,0.11173610281979307,0.12393673415175652,0.11049167263635185,0.05248635910245498,-0.047744257998015543,-0.008778799217105233,-0.062438237273314996,-0.05627347676576141,-0.06425537367306247,-0.030542947290001957,0.007496710917813418,0.0004553455092136463,-0.04929786554647822,-0.067663257385995,-0.0462362989632895,-0.021943411812452983,0.04024754708020216
1.0,high,"[241618932, 1433159892]",0.008267189243102407,0.16050262165093068,0.26059286163505757,0.05053207045245336,0.04462186124008884,-0.1652870074240698,-0.010937108562987595,-0.06580075972044946,-0.13114884459741874,-0.045915404526900565,-0.02809710167169971,0.06710709577802342,0.0026699193198853576,-0.09470186193048084,-0.12944401703763866,-0.004616665925552423,-0.016524759568388888,0.0981799116460467
1.0,high,241618932,0.006261588043667166,0.12703961453139437,0.04666525772333536,0.07499507541999531,0.03116567413010922,0.07310285457173046,-0.0064990955003977335,-0.061615092700088595,-0.026590654240985567,-0.050060095724260595,-0.023633103372644355,-0.046394081763055865,0.00023750745672981508,-0.06542452183130587,-0.020074603482349802,-0.024934979695734626,-0.007532570757464918,-0.026708772808674622
0.9998,high,241618932,0.008176634564069543,0.18852200217007772,0.07061522952702168,-0.09804472324846036,0.08584717292400762,0.10391213864955492,-0.01056441789164117,-0.08527598750749796,-0.040822652380759404,-0.009726740400283783,-0.029662849121357047,-0.03873947599989339,0.002387783327571568,-0.10324601466257995,-0.029792577146262263,0.10777146364874417,-0.05618432380265072,-0.06517266264966169
1.0,high,241618932,0.009041910822744303,0.20182060343099473,0.12903042353395988,0.13597731434546276,0.04955836563607905,-0.16619855365671185,-0.009988366462190167,-0.09152005428399072,-0.05868053821371607,-0.08245608390506423,-0.03537545572923183,0.06322837529276028,0.000946455639445596,-0.11030054914700446,-0.07034988532024415,-0.053521230440398665,-0.014182909906847457,0.10297017836395111
1.0,high,284142072,0.006709818639423354,0.10311459617155525,-0.030192583252249834,0.3690795542767234,0.009518225822114836,-0.09899954723733417,-0.005997424768181277,-0.09822675634389297,0.01580893227391112,-0.15073858142604427,-0.019558911592487464,0.043920618555262164,-0.0007123938712418655,-0.004887839827662338,0.014383650978338818,-0.2183409728506791,0.010040685770372645,0.05507892868207201
1.0,high,"[11301537, 1426926355, 1426926356, 1426926357, 1426926358, 1426926359, 1426926360, 18833661]",0.008759091394534985,0.10793073872387307,-0.029611030365105196,0.22426375191025147,-0.02555575607299733,0.07344275302355394,-0.010453143829947525,-0.07153995946806986,0.016610225909600405,-0.10896177142825286,0.00437107781310673,-0.04481855229786953,0.001694052435412735,-0.03639077925580292,0.013000804455504781,-0.11530198048199858,0.021184678259890725,-0.02862420072568421
1.0,high,4743446,0.0054811697011484944,0.08974390984286684,0.1016102535187399,0.15125635588860617,0.017291426786616694,-0.006153051317745637,-0.00546324902365649,-0.050190642721319526,-0.06329245490199299,-0.06713183570604984,-0.01721855032467734,-0.011495390623736525,-1.7920677491956027e-05,-0.039553267121547414,-0.03831779861674686,-0.08412452018255646,-7.287646193934044e-05,0.01764844194148209
1.0,high,1028683102,0.004624411018993704,0.09526011309877139,0.03917119222578553,0.15548607295694872,0.03592307259418107,0.028765202525552237,-0.006767753439020779,-0.0543929512165,-0.027027499736435083,-0.06793916226668027,-0.025963860089774003,-0.032700896553022586,0.002143342420027068,-0.04086716188227135,-0.01214369248935039,-0.08754691069026858,-0.009959212504406994,0.003935694027470273
1.0,high,1446580480,0.006856031591551626,0.07974239874087463,0.004228551742072741,0.17801252078745972,0.05105067267356498,0.03933988888470911,-0.0073238111837427775,-0.05424324282134951,-0.00868526372115165,-0.07893680312395746,-0.031035206086794668,-0.03456779636443664,0.0004677795921912316,-0.02549915591952513,0.004456711979078808,-0.0990757176635022,-0.020015466586770246,-0.00477209252027245
1.0,high,4743454,0.008762404936888263,0.06285369414628583,0.24464091367855176,0.15501045072349606,-0.006293703477509035,-0.1057437047727974,-0.011775919530300334,-0.04412939881273843,-0.11890814505182488,-0.07375032057897776,-0.0014540269269435876,0.035225687599352226,0.0030135145934120817,-0.018724295333547327,-0.12573276862672672,-0.08126013014451823,0.007747730404452709,0.07051801717344527
1.0,high,4809721,0.006743978432583161,0.11244773228783703,0.06086523337656347,0.17861184707780117,-0.03018594328968328,0.030747216535130927,-0.0068043378747254316,-0.06862839841301208,-0.033736632527640475,-0.09139852648942726,0.014993388494045183,-0.029217616490672674,6.0359442142342984e-05,-0.043819333874825075,-0.027128600848923125,-0.08721332058837397,0.01519255479563807,-0.0015296000444582174
1.0,high,"[753730058, 295215803]",0.005532993955673665,0.1051898368723084,0.04907009899426495,0.17975608003671598,0.029273160044608726,-0.009592105483339233,-0.007140968925197062,-0.06095390073662587,-0.029698841576195168,-0.0784451984569511,-0.025995927489264378,-0.0125572861171991,0.0016079749695234562,-0.04423593613568262,-0.019371257418069873,-0.10131088157976485,-0.00327723255534438,0.02214939160053829
0.9731,high,525588035,0.006690535194895153,-0.05444002399658152,0.1765075416534006,-0.15228166447371322,0.2114078497405192,0.14442823880864245,-0.01057979168142429,-0.006493615624959514,-0.10730006873111714,0.02324605156762296,-0.05859951788346588,-0.055065180948088946,0.0038892564865290018,0.06093363962154093,-0.06920747292228377,0.12903561290608997,-0.15280833185705356,-0.08936305786055365
1.0,high,4745025,0.006167791058194538,0.0921968399738251,-0.07713242062143547,0.2534665643019511,0.035916052812839785,0.04861523689485731,-0.0067676211315580645,-0.07274210685428632,0.04535621421985249,-0.10665238963595519,-0.029476366062656374,-0.04450985383682924,0.00059983007336337,-0.01945473311953875,0.03177620640158281,-0.1468141746659959,-0.0064396867501835,-0.0041053830580280865
1.0,high,"[4785424, 241867923]",0.004849862773049565,0.08342788980074078,-0.002413254320016718,0.13928329153814187,0.02832786008716369,0.10575441454115345,-0.005228435363784034,-0.05409164562032261,-0.0057985390546607,-0.07112645570505836,-0.01821993747954227,-0.06032711007806475,0.0003785725907344689,-0.029336244180418216,0.00821179337467743,-0.06815683583308345,-0.010107922607621365,-0.04542730446308883
1.0,high,4745025,0.006167791058194538,0.0921968399738251,-0.07713242062143547,0.2534665643019511,0.035916052812839785,0.04861523689485731,-0.0067676211315580645,-0.07274210685428632,0.04535621421985249,-0.10665238963595519,-0.029476366062656374,-0.04450985383682924,0.00059983007336337,-0.01945473311953875,0.03177620640158281,-0.1468141746659959,-0.0064396867501835,-0.0041053830580280865
1.0,high,10853180,0.007582552246920726,0.10404606722129803,-0.031796008324349874,0.09119422980712763,0.08733285451016076,0.10087036895900517,-0.008556853463976569,-0.06453876826286423,0.016339965999750804,-0.0614448468898528,-0.042504111790171724,-0.0540875088943182,0.0009743012170559465,-0.03950729895843434,0.01545604232459866,-0.029749382917275385,-0.04482874271998931,-0.04678286006468746
1.0,low,553309959,1.3877787807814457e-17,-0.28529146357850216,0.059240166431764586,-0.267917530156809,-0.006941284714335834,-0.13985982356188495,-2.544435951411933e-05,0.3546523675609676,-0.045935368614539014,0.29422803794350677,-0.027191155528849126,0.20947400388898782,2.5444359514150555e-05,-0.06936090398246504,-0.013304797817225291,-0.02631050778669764,0.03413244024318507,-0.06961418032710252
1.0,medium,827052043,0.0001141189589966285,-0.3099217005710121,0.22284376821012755,-0.3301780817922173,0.06317027439689282,-0.28679656665994346,-0.011429998819481507,0.08996686540150631,-0.3881021232173146,0.09620156875534248,-0.11279328128770379,0.11136486182459727,0.011315879860484926,0.21995483516950548,0.1652583550071868,0.23397651303687458,0.049623006890810895,0.1754317048353459
0.9338,low,"[1408640352, 246638755]",2.570794715994751e-09,-0.18264641675541451,0.20240091354289216,-0.18461087779334848,-0.25667053047764876,-0.21924302666703377,-0.0029272475311509227,0.19843396236110197,-0.2517447790077116,0.15973079909128965,0.3511638575515634,0.2643255870430859,0.0029272449603560576,-0.015787545605687712,0.0493438654648192,0.024880078702058463,-0.09449332707391503,-0.045082560376052475
1.0,high,"[237649293, 1223827918]",0.007854621846082252,-0.04424516251428428,0.28070963883101047,-0.08819090214007419,0.02329829160198489,0.1798022448512655,-0.011830086593539707,-0.00021894168469683076,-0.13426745540208657,0.005434760534623697,-0.022518639934869633,-0.05139176022086365,0.0039754647474574065,0.04446410419898156,-0.1464421834289237,0.08275614160545068,-0.0007796516671151575,-0.12841048463040164
0.552,medium,"[237649292, 601740758, 906750214]",1.6218847098681266e-10,-0.24264726938709438,0.20222061126088672,-0.26056679075520717,-0.09010813510210966,-0.2496683517577811,-0.005839305716342738,0.13179622679069505,-0.35793176627719286,0.11721946322661413,0.13625974324846768,0.21175008424674696,0.005839305554153986,0.11085104259639945,0.1557111550163066,0.14334732752859297,-0.04615160814635788,0.03791826751103418
1.0,high,4785522,0.004387596299031862,0.06970973939019057,0.03207793714663701,0.17309308525578682,0.013101542645034658,0.06686016368355172,-0.004327148403824657,-0.0475380128219012,-0.023932391962196774,-0.07616767783653737,-0.013866243615629822,-0.04896064866134287,-6.044789520721558e-05,-0.02217172656828933,-0.008145545184440172,-0.0969254074192494,0.000764700970595087,-0.017899515022208896
1.0,high,261716934,0.005946667131014549,0.10275457764430349,0.0019281732495308734,0.1528536398599058,0.011450315716404244,0.0842966908190739,-0.0063031774841215485,-0.059488981023848704,-0.008510318288441515,-0.07248303270420839,-0.013433075482416658,-0.05457353831839585,0.0003565103531070306,-0.04326559662045468,0.0065821450389106015,-0.08037060715569723,0.0019827597660124286,-0.02972315250067813
1.0,high,10055641,0.00834176708206276,0.11757884132867663,0.013402893090490711,0.1535158392940054,-0.006311124922599097,0.07270184854759654,-0.008134761768048226,-0.06583152181252422,-0.009666121236950709,-0.08357975131575378,-0.003900047890990404,-0.04367991927716534,-0.00020700531401447383,-0.05174731951615223,-0.003736771853539998,-0.06993608797825156,0.010211172813589527,-0.029021929270431224
1.0,high,261716934,0.008403694707605769,0.11036799908913811,0.01362252518035565,0.15078502149346004,-0.023808544997756913,0.09985936894743017,-0.008482568775295206,-0.06250086267767807,-0.011496690175642664,-0.08336828145988084,0.009163819356560132,-0.0581075395694961,7.887406768950639e-05,-0.047867136411460065,-0.0021258350047130004,-0.06741674003357918,0.014644725641196742,-0.041751829377933924
0.9209,high,553234916,0.005988593347781929,0.08107066997756132,0.17669571442250848,-0.06460459734797228,-0.07160205903831769,0.15253391440296418,-0.011807652141107343,-0.05696024009166169,-0.10236486837998397,-0.01580015341669683,0.02102587736698655,-0.04888508663896933,0.005819058793325432,-0.024110429885899665,-0.07433084604252456,0.08040475076466902,0.050576181671331155,-0.1036488277639949
1.0,high,"[18504649, 4785511]",0.00508908889665359,0.07775440492434821,0.08788937611604553,0.12188910564505631,0.012491633383957604,0.05411645545417124,-0.005044259207232733,-0.04616341503512593,-0.05400677373613376,-0.056776828120797374,-0.014378213514100353,-0.03842263368804255,-4.482968942094365e-05,-0.03159098988922235,-0.03388260237991178,-0.06511227752425892,0.0018865801301427019,-0.0156938217661287
1.0,high,18504649,0.005624761459514072,0.10043054577909166,0.045694813624384815,0.1833631443978441,0.025288845838714956,-0.0011720466793169251,-0.006403287350560845,-0.05805552131494441,-0.028769442969493096,-0.08111642114523766,-0.022125044570694224,-0.018322405950502444,0.0007785258910466032,-0.04237502446414704,-0.016925370654891744,-0.10224672325260642,-0.0031638012680207757,0.019494452629819466
1.0,high,62213293,0.0077089979936525305,-0.000986460568930772,-0.0332940210064744,0.05372092382849803,0.02815892265854865,0.30392170151473974,-0.007866931317900588,-0.036212756735323294,0.019750897710256534,-0.059522099708957825,-0.018873139889490794,-0.11206809336001672,0.00015793332424799897,0.03719921730425382,0.013543123296217537,0.0058011758804597385,-0.009285782769058185,-0.19185360815472322
1.0,high,1446567439,0.0062543416201055885,0.043428357361373855,0.04305064985206453,0.12196633121237563,0.010443407368971529,0.13408697700534145,-0.005671131762341047,-0.03742004550969486,-0.0247297709292865,-0.06720064806010992,-0.012037421475106991,-0.06773310556489338,-0.0005832098577644718,-0.006008311851679063,-0.018320878922778134,-0.05476568315226572,0.0015940141061354558,-0.06635387144044802
1.0,high,12372760,0.00450297506518188,0.07530934159641742,0.1232062627573707,0.17506619378615712,-0.0014245040754124125,-0.01743020470948234,-0.004344528395253601,-0.048649090583628145,-0.07341871542652634,-0.08196165680846391,-0.005981286773960351,-0.0004368453136002976,-0.00015844666992822012,-0.026660251012789245,-0.049787547330844534,-0.09310453697769334,0.007405790849372755,0.01786705002308263
1.0,high,"[4809711, 305108017, 305108027, 4809719]",0.009444666522884657,0.11979584590141407,0.07741462617597872,0.07891387103922537,0.04861951716157157,0.025041537619158262,-0.007838820697522654,-0.0635482133536318,-0.032713775315607874,-0.05553239264084134,-0.027758487804251317,-0.02740043348957776,-0.0016058458253620893,-0.0562476325477822,-0.04470085086037082,-0.023381478398384056,-0.02086102935732031,0.0023588958704194567
1.0,high,10428122,0.006907238805441557,0.09554256612814682,-0.0919795136819537,0.25067391187856214,0.055838034582470546,0.042247826707552484,-0.007887248458303103,-0.06963657552281703,0.048006718117165476,-0.10961231956832593,-0.034018070062997514,-0.041644627806154584,0.0009800096528617443,-0.02590599060533002,0.043972795564788045,-0.1410615923102367,-0.021819964519473357,-0.0006031989013981411
1.0,high,305108027,0.006597620154189535,0.1148225048546612,-0.03443214489972332,0.22846359690716983,0.06694328517181436,-0.023164797767880264,-0.008455489860341357,-0.07959345285581193,0.014631479787154341,-0.10135283457772616,-0.03589340139867824,-0.004128424396029361,0.0018578697061516145,-0.03522905199884852,0.019800665112569307,-0.12711076232944332,-0.03104988377313564,0.02729322216391
1.0,high,1426923360,0.007608352127699863,0.11696290642738391,-0.03430004045055728,0.1494324830362192,0.07677243073033582,0.04275393254913689,-0.008140908428122089,-0.07078081864732448,0.014799288624553378,-0.08210873443387869,-0.03531983352263951,-0.033241116894021316,0.0005325563004220865,-0.04618208778005972,0.019500751826003623,-0.06732374860234074,-0.041452597207696285,-0.009512815655115747
0.9923,medium,246630090,0.002260279162412726,-0.016144857107711866,0.05480242066299496,0.006034984766921551,-0.2953387246345334,-0.3847054919608351,-0.011742043343631776,-0.10207472216331034,-0.11796962380443554,-0.14433875682939165,0.05727839186396254,0.10405463097600613,0.009481764181219089,0.11821957927102217,0.06316720314144059,0.13830377206247013,0.23806033277057087,0.28065086098482916
1.0,high,246630090,0.004857910374322691,0.09081755889118834,0.03606506408617076,0.1524431171991234,0.035230222558799845,0.039816191310627816,-0.005671704400485061,-0.05236951013016755,-0.025302902914921026,-0.07001646498565409,-0.02350472281810291,-0.03792681805210207,0.0008137940261626724,-0.03844804876102083,-0.010762161171249767,-0.08242665221346937,-0.011725499740696891,-0.0018893732585257782
1.0,high,4813536,0.008936687362888357,0.049301754348653436,0.07643108658453152,0.15371067343864528,0.019134697822601368,0.05171516486291277,-0.007720967434072572,-0.039683082962198024,-0.03408240055120246,-0.07806345123944271,-0.014438670336244398,-0.04080355077827248,-0.001215719928815591,-0.009618671386455465,-0.042348686033329,-0.0756472221992026,-0.004696027486356974,-0.010911614084640354
0.9999,high,208855944,0.00777760880848577,-0.0028955223607845873,-0.027136572055824544,0.1430889501737722,0.008652712970116775,0.2296801526931931,-0.010513955182344173,-0.04554514930079439,0.01939993828677705,-0.08065561062313971,-0.01360870849978912,-0.08386863798214236,0.0027363463738583928,0.048440671661578616,0.0077366337690473585,-0.06243333955063282,0.004955995529672011,-0.14581151471105117
1.0,high,"[68506242, 1214315734]",0.008558113496417205,-0.03027608900395496,0.4230834986331559,-0.07765349963048451,0.018827933231597378,0.016690068829868974,-0.011830346306948548,-0.0039414555417168875,-0.18075493299224366,0.005645045600697631,-0.014436470845000056,-0.009473963216221147,0.003272232810531423,0.03421754454567204,-0.24232856564091215,0.07200845402978699,-0.00439146238659704,-0.007216105613647692
1.0,high,86772180,0.005825978225910314,0.0760326483156662,0.044724391354282876,0.1491270250464314,-0.023455441007775617,0.10697546248571721,-0.007301202168587526,-0.04744872247386118,-0.027355048371151637,-0.07451880658347956,0.00890449931314967,-0.06707284301750246,0.001475223942677014,-0.02858392584180508,-0.017369342983131184,-0.07460821846295175,0.014550941694625903,-0.039902619468214856
0.9983,medium,"[881656434, 237649291, 885509902]",7.766860668501074e-09,-0.223725645598582,0.06880978400358545,-0.2830959357207491,0.0614707000778665,-0.26422884596755325,-0.011424885782595408,0.013844795713771875,-0.1878495087417762,0.06338514549358584,-0.21788551009527707,0.12684587978305187,0.011424878015734687,0.20988084988480984,0.1190397247381905,0.21971079022716286,0.15641481001741045,0.13738296618450105
1.0,low,295215807,0.0,-0.1813577917726743,-0.2030847718028996,-0.1715166944098899,-0.00600869590052101,-0.07880198169378244,-1.6650979967690327e-05,0.1831749283733785,0.3359987644667551,0.18970605897648113,-0.015647699280974554,0.09199247514289478,1.6650979967721552e-05,-0.001817136600704105,-0.1329139926638555,-0.018189364566591336,0.021656395181495473,-0.013190493449112356
1.0,low,"[1427229761, 1427229762, 1427229770, 295215796, 1122460245]",-5.551115123125783e-17,-0.1679259235877702,-0.060005800593893266,-0.21478074200955255,-0.049015896610496226,-0.1490415727780552,-1.9931001741801957e-06,0.14945077786455246,0.10916889176688939,0.22731658332400026,0.06722095924168318,0.2320526576016161,1.9931001741455012e-06,0.01847514572321772,-0.04916309117299629,-0.012535841314447696,-0.018205062631187048,-0.08301108482356086
1.0,low,"[295215808, 1122460246]",0.00010724469607550913,-0.06317233292923388,-0.34372167535718223,-0.12775379270602163,-0.03671668117835702,-0.06951269810504807,-0.004163844485351516,0.043390987715169506,0.48337814919737915,0.14466147785804095,0.02819922096627845,0.08974188544581799,0.004056599789275989,0.01978134521406441,-0.13965647384019686,-0.016907685152019476,0.008517460212078463,-0.020229187340770085
1.0,low,11297310,6.244768926966238e-08,-0.14488380335584708,-0.1694110821566178,-0.17909612547525308,-0.004426632122491191,-0.14295235491724756,-0.0035966372220659695,0.15986261908308397,0.30404481710901343,0.16461089593917275,-0.02549159192862648,0.18577768403840494,0.0035965747743766964,-0.014978815727237258,-0.13463373495239597,0.014485229536080124,0.029918224051117586,-0.04282532912115758
0.503,medium,86772180,0.003309991985957342,-0.05527208038334172,0.12429300079499694,0.006559123923981093,-0.14143193018687192,-0.08124234353207777,-0.010796888725380586,-0.04329971609894814,-0.1196429463634481,-0.06549233365448263,0.015237655783471828,0.009202105757355715,0.007486896739423321,0.09857179648228988,-0.004650054431548622,0.05893320973050163,0.12619427440340003,0.07204023777472225
1.0,low,"[1221715066, 18596059]",-2.7755575615628914e-17,-0.1492616438947484,-0.01342196227984171,-0.25288263781298403,-0.05003981014464558,-0.17516388144754766,-4.559859793971249e-05,0.1576565517773113,0.026399198751846223,0.27755108794548167,0.04247279099356593,0.2811738458282769,4.559859793984433e-05,-0.008394907882562953,-0.012977236472004515,-0.024668450132497854,0.007567019151079482,-0.10600996438072942
1.0,high,"[1446575233, 246638756, 1522867686, 1433174504, 1335771615]",0.008678472465864118,0.053176288727612535,-0.03165987019102726,0.14800370485499106,-0.11545525573636017,0.2964843534335226,-0.01063790026945998,-0.05973292002245134,0.023583355119113053,-0.08910344262066645,0.04010183930461179,-0.11900305481257967,0.001959427803595839,0.006556631294838654,0.008076515071914057,-0.05890026223432483,0.07535341643174798,-0.17748129862094328
1.0,high,"[12372966, 1426923359]",0.0069182049913841664,0.09210384203816033,-0.02731651479598157,0.23013739124321317,-0.016745971598967783,0.07413311254135455,-0.00804744351369379,-0.06269875730117419,0.017084917716550907,-0.10818194119203792,-0.0016973962470323454,-0.051251502764045345,0.0011292385223097418,-0.029405084736985627,0.010231597079430877,-0.12195545005117489,0.01844336784600047,-0.022881609777308895
1.0,low,185957649,1.808178606843569e-12,-0.12881216685133534,-0.07115795387056564,-0.23689179456757176,-0.03280512760827873,-0.1711028926838243,-0.0009317972766033911,0.13304276004227603,0.1434641323137554,0.24175977925500344,0.010661351762474264,0.2572116505943187,0.0009317972747950841,-0.0042305931909407905,-0.07230617844319014,-0.004867984687431907,0.022143775845804337,-0.08610875791049467
1.0,high,12373447,0.008159295224757793,0.1223663977618,-0.03627300203542635,0.16006924266545255,-0.016804718257899552,0.12171136503655275,-0.01046821858401318,-0.07208143543588504,0.016721096897925593,-0.08904142787712091,-0.0023386552051676,-0.05758348309717158,0.0023089233592552515,-0.05028496232591456,0.01955190513750071,-0.07102781478833123,0.01914337346306731,-0.06412788193938097
1.0,high,"[1446575233, 1393577226]",0.006880341116983102,0.21707099875694358,0.03979919893237419,0.14087383036477769,-0.025546728953845393,-0.019847575797572216,-0.008282683752601959,-0.09751109861843098,-0.01878816331699727,-0.08483063896987489,0.002700365757268476,-0.00807990440079608,0.0014023426356191346,-0.11955990013851228,-0.021011035615376764,-0.05604319139490237,0.022846363196577228,0.027927480198368552
0.9999,medium,4743395,2.5827910574149904e-08,-0.23498835625539152,-0.026509752184426954,-0.2872886424111442,-0.000629296490380727,-0.09135391229769957,-0.010376579684241188,-0.0030053653853563444,-0.09912591372515536,0.027317436468260722,-0.07286080440269495,-0.05665972058514722,0.010376553856330802,0.2379937216407482,0.12563566590958244,0.2599712059428837,0.073490100893076,0.1480136328828469
1.0,low,185957649,1.808178606843569e-12,-0.12881216685133534,-0.07115795387056564,-0.23689179456757176,-0.03280512760827873,-0.1711028926838243,-0.0009317972766033911,0.13304276004227603,0.1434641323137554,0.24175977925500344,0.010661351762474264,0.2572116505943187,0.0009317972747950841,-0.0042305931909407905,-0.07230617844319014,-0.004867984687431907,0.022143775845804337,-0.08610875791049467
1.0,low,238326403,1.5159484171856086e-06,-0.13509986378826738,-0.1988240558579426,-0.24102040121839347,0.06520695564432952,-0.13103408630791066,-0.004700342360446842,0.17276022304556693,0.3115023005027494,0.20676309886046207,-0.07757529951662842,0.17641676338427,0.004698826412029563,-0.03766035925729977,-0.11267824464480725,0.03425730235793116,0.012368343872298484,-0.045382677076359804
1.0,high,18502409,0.005295081069894,0.09034294793575126,0.07514041262886678,0.09546554970664997,-0.01820746370062261,0.11119353677969315,-0.006246351086921259,-0.05309209146073991,-0.04155241370982955,-0.05953548037037372,0.008256689453758369,-0.06262247612732663,0.0009512700170272344,-0.03725085647501139,-0.03358799891903714,-0.03593006933627637,0.009950774246864264,-0.04857106065236656
0.9999,low,40653591,-2.7755575615628914e-17,-0.2985080282032146,0.06091196589515321,-0.27497911706187245,-0.006053372148177725,-0.12214138406165598,-2.7659331059408376e-05,0.35051659294525905,-0.0309475529376719,0.29533194110613276,-0.014154127714130542,0.18439980767573538,2.7659331059373682e-05,-0.05200856474204402,-0.029964412957481045,-0.02035282404426015,0.020207499862308468,-0.06225842361407906
0.8981,medium,625774638,3.282929483816588e-13,-0.33195896067662284,0.14368955240259257,-0.31502932545408874,0.004826642503234935,-0.14229784435082862,-0.008532734784028495,0.15396271028463854,-0.32862759050281565,0.1295216981441581,-0.09462094348192616,0.03542726085675605,0.008532734783700445,0.1779962503919844,0.18493803810022294,0.1855076273099304,0.08979430097869119,0.10687058349407261
1.0,high,86772180,0.006103889393300352,0.08767084021057397,0.04543999113530912,0.17876757319879782,0.005692575949619,0.035555194532632874,-0.006411967962243602,-0.05402621347861906,-0.030777934170674304,-0.07561867840222178,-0.012461701361581286,-0.03549562792609264,0.0003080785689435102,-0.0336446267319547,-0.014662056964634651,-0.10314889479657617,0.006769125411962311,-5.9566606540261205e-05
0.9999,low,237649291,5.459410701291745e-12,-0.14537184366691783,0.11432654628444858,-0.21681787941443867,-0.2170047871316377,-0.17590197165668123,-0.000928376158309395,0.16366501523620705,-0.15632664153676687,0.1824583656891292,0.3961440727065676,0.20009402928787617,0.0009283761528499461,-0.018293171569289272,0.04200009525231835,0.03435951372530936,-0.1791392855749298,-0.02419205763119504
1.0,high,10853180,0.007601993821798006,0.06667471189654603,0.09692885887161085,0.19737545345153265,0.034546147832516555,-0.04389710145377178,-0.006699579623041345,-0.05888927596383466,-0.038697209443760705,-0.09545255641892438,-0.021900100675395297,0.006846598823523766,-0.0009024141987567305,-0.0077854359327112245,-0.05823164942785007,-0.10192289703260825,-0.012646047157121327,0.03705050263024799
1.0,high,18616637,0.008569260328751202,0.09809426210290687,0.09088349187108347,0.1772855575880816,0.020358887296576464,-0.03596139476716706,-0.00691789662659046,-0.06931827672171419,-0.035838946101657526,-0.09337186800885688,-0.01637822130988451,0.007033085467270835,-0.0016513637021607457,-0.028775985381192592,-0.05504454576942586,-0.08391368957922508,-0.003980665986691984,0.02892830929989627
1.0,high,4785520,0.005595169885443077,0.06565756897273348,0.09028471238128566,0.11198640267565196,0.018714386327106786,0.06699182417801175,-0.005517909514167731,-0.03907962361613897,-0.05237723534624757,-0.054198806745206544,-0.015139175522487815,-0.0484793725571841,-7.726037127526661e-05,-0.02657794535659456,-0.03790747703503805,-0.05778759593044544,-0.003575210804619005,-0.01851245162082766
0.5251,medium,10851770,0.004367028751383062,-0.06279130662124224,0.0935479252147633,-0.030713836957132708,0.16500520228512888,-0.3352958224696905,-0.0100838463305482,-0.038728108419751016,-0.12470676813049006,-0.06119495431592848,-0.07168072701529403,0.09160228091057969,0.005716817579165135,0.10151941504099307,0.031158842915726768,0.09190879127306119,-0.09332447526983481,0.2436935415591105
1.0,high,"[62126122, 62125871, 886813239]",0.0049842770620896065,0.055652906183556915,0.07951449112142525,0.10421874527426633,0.017486104653026996,0.09737354012586749,-0.00526429105465398,-0.03697069651694997,-0.05232538579259497,-0.052867580408241,-0.014525506944974415,-0.05283866258401832,0.0002800139925646615,-0.01868220966660707,-0.02718910532883028,-0.051351164866025395,-0.0029605977080526314,-0.044534877541849274
0.9989,low,10851770,1.6325872784217488e-07,-0.21135031126360196,-0.030897630855216424,-0.1693099815563162,-0.24177392469391318,0.012561749530552814,-0.0025253438652871954,0.2045895215183037,0.08741319788039671,0.13568033744537691,0.38611951439811937,-0.027154522510343615,0.0025251806065594747,0.0067607897452980625,-0.05651556702518076,0.033629644110938994,-0.14434558970420644,0.01459277297979045
1.0,high,62173510,0.008934114687457001,0.1114123287639952,0.050075189607000574,0.2818192243980857,-0.0207018434767028,-0.072308959450088,-0.010100398062429718,-0.07545462423283117,-0.023162902791099792,-0.12345413351650569,0.003645305660019458,0.013734629641414288,0.0011662833749725258,-0.03595770453116398,-0.026912286815900664,-0.1583650908815801,0.01705653781668325,0.05857432980867355
0.9294,medium,"[8380793, 1472407717]",0.0007776367026914588,-0.40384739173744666,0.1560805943154923,-0.3556307712401221,-0.03618087088362529,0.06863831007935373,-0.011330897948977278,0.09853078095985855,-0.2119228270279434,0.07275537558153347,-0.03343906166737261,-0.12938549319850196,0.01055326124628591,0.3053166107775882,0.05584223271245116,0.28287539565858855,0.0696199325509979,0.060747183119148215
1.0,high,4809707,0.006238495098907254,0.11734560621826085,0.05024970646494136,0.16664696023210773,-0.035183567859619486,0.053932864265634685,-0.0074746310336808106,-0.06496767326283504,-0.031608629520279354,-0.07998329327067709,0.01400560334040234,-0.044763499554362735,0.0012361359347733518,-0.05237793295542584,-0.018641076944661925,-0.08666366696143067,0.02117796451921714,-0.009169364711272075
1.0,high,"[1408654608, 1408654609, 1050464821, 1050464822, 295215799]",0.008721011515945384,-0.049037930174210057,0.21098422961972288,-0.028240764487169955,-0.09093528263478146,0.30773880058017267,-0.008380716610322497,-0.017373786541915032,-0.09842648067590468,-0.027027299441219135,0.03276616558453089,-0.09635000561660217,-0.00034029490562270323,0.06641171671612461,-0.11255774894381869,0.05526806392838851,0.05816911705025013,-0.21138879496357096
1.0,high,352987332,0.004903662940777986,0.07936702839759543,0.05883969139395117,0.11286466305893675,0.01594505762473091,0.08730996100424088,-0.005873403102795979,-0.04591117056338508,-0.03914012480673221,-0.05421968847313173,-0.016690351369506324,-0.052957384985881394,0.0009697401620183052,-0.0334558578342102,-0.019699566587218997,-0.05864497458580496,0.000745293744775331,-0.03435257601835949
0.9345,medium,"[1408620384, 23620139, 23620132, 901661389]",0.0007593752485121619,-0.37988230083990104,0.2550383459057222,-0.33494054190735967,-0.18905779558412067,0.07279847234415374,-0.012391369019401535,0.10611262562951275,-0.28547453097901,0.07442875493568786,0.026180334035201147,-0.1236479379033849,0.011631993770889436,0.27376967521038875,0.030436185073288203,0.26051178697167215,0.16287746154891983,0.05084946555923148
1.0,low,32465719,-0.2182947292479483,-0.152517354226869,0.028270504156871077,-0.15716375035889418,-0.04137704653046775,-0.09968755937245882,0.32900006412072136,0.17944928331437748,-0.04990695445559337,0.1675843766237537,0.04054002050467638,0.11854108659063177,-0.11070533487277279,-0.02693192908750859,0.021636450298722402,-0.010420626264859376,0.0008370260257913216,-0.018853527218172968
1.0,low,32465719,2.7755575615628914e-17,-0.2047773106805881,0.054064756722843534,-0.25452040321483466,-0.07713996137102921,-0.15839701703615902,-5.600170676148264e-07,0.2521209994543665,-0.05918685959908006,0.24812747978272948,0.1252811751479099,0.21886519959361092,5.600170675003346e-07,-0.04734368877377873,0.005122102876236389,0.0063929234321049196,-0.04814121377688105,-0.06046818255745222
1.0,high,136859456,0.007702601366092174,0.013193876756393039,0.16692640662953973,0.004853178323417154,-0.05530287416865111,0.22185671839929305,-0.011836601419151042,-0.03645516545122518,-0.07650457459271238,-0.03483892715000365,0.017544799273151022,-0.07270165396149142,0.004134000053059007,0.023261288694832582,-0.09042183203682704,0.029985748826586858,0.03775807489550051,-0.14915506443780116
1.0,medium,246630083,0.0008707545086510532,-0.17375494439686606,-0.18403687144807784,-0.3003954000757002,0.08408233804927645,-0.06753578815494035,-0.01079635765348897,-0.02108795774370127,0.009339756576694662,0.0423030662143884,-0.15652494321631996,-0.07802268719746125,0.00992560314483813,0.19484290214056707,0.17469711487138298,0.2580923338613116,0.07244260516704351,0.14555847535240135
1.0,high,246638747,0.009754625183996918,0.06381735058443666,0.07551359038780586,0.13309087944132095,0.057563861013864855,0.019489757808807302,-0.008003475970033404,-0.047679131484365284,-0.03463455242114128,-0.06989855712282456,-0.02997547260397041,-0.02460093369909777,-0.0017511492139634863,-0.01613821910007148,-0.04087903796666453,-0.06319232231849643,-0.027588388409894474,0.005111175890290446
0.9996,high,553234917,0.007981185303322091,0.12806762158659785,0.1725557823845963,0.07852598891312665,0.15832035843175996,-0.18659137995254357,-0.010914663854294841,-0.06551353211716769,-0.09976909185476222,-0.058933696335257045,-0.04984533686273267,0.0701841977227817,0.002933478550972944,-0.06255408946943045,-0.07278669052983439,-0.019592292577869774,-0.10847502156902757,0.11640718222976162
1.0,medium,4813536,0.0013128953432609558,-0.21413487928440975,-0.20287255585301492,-0.08678504986856853,-0.06673615822381129,-0.0715355452505895,-0.01139267610764385,-0.023239027120083806,0.00016454779319710015,-0.12211303019630534,-0.005691184245095083,-0.0525207525843016,0.010079780764382807,0.2373739064044931,0.20270800805981737,0.20889808006487345,0.07242734246890585,0.12405629783489068
1.0,low,295215808,2.7768145632878216e-07,-0.1447657683014658,-0.2623672608631225,-0.16090506706897054,-0.05026359528285002,-0.02246852174481483,-0.0036867329076155433,0.15950947556472234,0.40519778757416713,0.1625689818535827,0.035357511517457,0.026260853002480364,0.0036864552261592874,-0.014743707263257005,-0.1428305267110451,-0.0016639147846124547,0.01490608376539274,-0.003792331257665857
1.0,low,"[295215808, 1122460246]",0.00010724469607550913,-0.06317233292923388,-0.34372167535718223,-0.12775379270602163,-0.03671668117835702,-0.06951269810504807,-0.004163844485351516,0.043390987715169506,0.48337814919737915,0.14466147785804095,0.02819922096627845,0.08974188544581799,0.004056599789275989,0.01978134521406441,-0.13965647384019686,-0.016907685152019476,0.008517460212078463,-0.020229187340770085
1.0,medium,"[1408629211, 827052044]",6.824086549173103e-07,-0.20732341389175898,0.17665593848967517,-0.17393439585736337,-0.2086749158951815,-0.22748029162641542,-0.012632294781807447,-0.007666871080784617,-0.24948117127657926,-0.03131850581153275,0.036280088581586996,0.05002663262320957,0.012631612373152358,0.21499028497254372,0.072825232786904,0.20525290166889607,0.17239482731359454,0.17745365900320562
0.9962,medium,"[1427224672, 1427224673, 239838074]",0.0022323199077535216,-0.0796280182929703,-0.1961141345680908,0.043672911058852563,-0.2830707787665293,-0.12406479740669296,-0.012535086135875166,-0.08376995150103686,0.013993374167279325,-0.17860674145693747,0.05180562332552602,-0.005679341699042691,0.010302766228121658,0.16339796979400675,0.18212076040081115,0.13493383039808468,0.23126515544100293,0.12974413910573526
1.0,low,"[922450172, 545932590]",1.0007393760891325e-08,-0.11862068849693558,-0.02199755306468977,-0.2898718902028234,0.05448044092715124,-0.26476025474986364,-0.004384123693309462,0.15878119414008604,0.09505452888551381,0.26443316774838577,-0.09486192308708913,0.3661433715961125,0.004384113685915684,-0.04016050564315024,-0.07305697582082382,0.025438722454437897,0.040381482159938184,-0.10138311684624848
1.0,low,1337648827,1.2024270468202758e-12,-0.21110273908148494,-0.1373460080976004,-0.223181884064883,0.04354954306121527,-0.11268884739821661,-0.004095710234475226,0.2480046621333567,0.2652473114549961,0.23819194920166073,-0.08803865723266614,0.12589832137536455,0.004095710233272872,-0.03690192305187148,-0.12790130335739536,-0.015010065136777523,0.044489114171451224,-0.013209473977147659
0.9921,high,525588035,0.007028336288893072,-0.02266658319487909,0.44291960126614127,-0.12149503155868363,0.18548301749475887,-0.13996216116853805,-0.01061089571991445,-0.0007086806183099316,-0.2510317769985502,0.03331991929674913,-0.05027554210005901,0.06451485283865181,0.0035825594310213323,0.02337526381318884,-0.1918878242675911,0.08817511226193413,-0.1352074753947001,0.07544730832988596
1.0,high,4809712,0.00671471768653048,0.08142054029778847,0.04849187225126513,0.15100425067652298,0.03432667018600361,0.0372720133221222,-0.007352212838024279,-0.05071970711182508,-0.029974364343032495,-0.07076928752139147,-0.021846003353228626,-0.0341305481339307,0.0006374951514939997,-0.030700833185963446,-0.01851750790823256,-0.08023496315513151,-0.012480666832775022,-0.0031414651881915235
1.0,high,246638752,0.006141325628959388,0.0720639609498338,0.045850003555764275,0.14459779733523045,0.0180443609525803,0.07253261599786406,-0.0064346374183899754,-0.047571151760902874,-0.02716197882062045,-0.06863793462115182,-0.0169232184948651,-0.04806320218550241,0.0002933117894302721,-0.024492809188931045,-0.018688024735143832,-0.07595986271407869,-0.0011211424577151395,-0.0244694138123616
1.0,high,126308546,0.008897519079250252,0.143616288290601,-0.02171710202996384,0.2924254494713977,0.04885908401724689,-0.11285117475051212,-0.009462204588434997,-0.09453578694777375,0.016117777788491917,-0.1318634421919737,-0.03815073608070668,0.0431022687189646,0.0005646855091848736,-0.04908050134282686,0.005599324241472303,-0.16056200727942377,-0.010708347936539915,0.06974890603154793
1.0,high,"[241618932, 709116302]",0.00984016261446155,0.10060951811699972,0.08907527662601825,0.14684874036680023,0.06878451139238026,-0.05592814469642709,-0.008537004547262576,-0.06365875310947297,-0.03834197458144953,-0.08056905357418916,-0.033949731020363486,0.010264393531304972,-0.0013031580671988945,-0.036950765007526754,-0.050733302044568676,-0.06627968679261119,-0.03483478037201665,0.04566375116512213
1.0,low,450445884,0.0,-0.2659961400126457,0.05617053766308027,-0.2604763229051423,-0.009081355270018868,-0.16138665505504077,-2.5303629252002025e-05,0.35087209693535826,-0.05792900705778389,0.28213191867912063,-0.0313421177486867,0.24150014964988104,2.530362925170712e-05,-0.08487595692271226,0.0017584693947037648,-0.021655595773978232,0.040423473018705774,-0.08011349459484003
1.0,low,"[1360092504, 126805516]",-0.128262718854133,-0.17077483938072344,0.038994069421460234,-0.17717219257458275,-0.13036401676704526,-0.07319023742474322,0.18131227693868796,0.1941010988847969,-0.05564887140219346,0.19564574401445012,0.19006648631596193,0.07973114194686381,-0.05304955808455502,-0.02332625950407337,0.01665480198073327,-0.01847355143986749,-0.059702469548916774,-0.006540904522120618
1.0,low,"[882153784, 542623450, 32465719]",-0.1316101226966997,-0.169730791198281,0.038748999635397664,-0.1755888256801654,-0.13079905079405316,-0.07179014484596608,0.19015124798365424,0.19038274703402047,-0.05624226829548051,0.19285620116167546,0.191915372572112,0.0761445762425855,-0.05854112528695469,-0.020651955835739512,0.017493268660082877,-0.017267375481510104,-0.06111632177805908,-0.004354431396619461
1.0,low,295215807,0.0,-0.1813577917726743,-0.2030847718028996,-0.1715166944098899,-0.00600869590052101,-0.07880198169378244,-1.6650979967690327e-05,0.1831749283733785,0.3359987644667551,0.18970605897648113,-0.015647699280974554,0.09199247514289478,1.6650979967721552e-05,-0.001817136600704105,-0.1329139926638555,-0.018189364566591336,0.021656395181495473,-0.013190493449112356
1.0,low,"[1221715066, 18596059]",-2.7755575615628914e-17,-0.1492616438947484,-0.01342196227984171,-0.25288263781298403,-0.05003981014464558,-0.17516388144754766,-4.559859793971249e-05,0.1576565517773113,0.026399198751846223,0.27755108794548167,0.04247279099356593,0.2811738458282769,4.559859793984433e-05,-0.008394907882562953,-0.012977236472004515,-0.024668450132497854,0.007567019151079482,-0.10600996438072942
0.8578,medium,239662764,8.462504061113041e-07,-0.1411751549900033,-0.13121987751016342,-0.2503198947839379,-0.06855657828937303,-0.04949927625333875,-0.008210813289144185,-0.030703129976548595,0.03870574387773492,0.000640822849706583,0.026024355171616165,-0.0990054188115337,0.00820996703873798,0.17187828496655153,0.09251413363242814,0.24967907193423103,0.04253222311775667,0.1485046950648723
0.997,medium,11297310,7.61938660776007e-09,-0.09958720304265956,0.057011332530216695,-0.1985882157657592,-0.10922969941303762,-0.29037615739875405,-0.009695720664925321,-0.1129479342322587,-0.18422320732291647,-0.0695179419491823,0.048999122081025616,0.11564183395467371,0.009695713045538668,0.21253513727491816,0.12721187479269977,0.26810615771494156,0.06023057733201197,0.17473432344408016
1.0,medium,459667609,5.6538947412754226e-09,-0.15971135632921707,0.05570837468400868,-0.34367642106987906,-0.12320369536914086,-0.06988601803040742,-0.01010935357995086,-0.05390573965317868,-0.16301413600306403,0.05507412153218149,0.025719894324802678,-0.06855685711927144,0.01010934792605607,0.213617095982396,0.1073057613190554,0.28860229953769795,0.09748380104433838,0.13844287514967915
1.0,medium,459667610,1.0365872327167125e-09,-0.15881587171837597,0.05207728162105806,-0.3709577352223521,-0.1020927021806293,-0.06098079534107054,-0.009953657529809909,-0.04870115690329892,-0.1681106546950089,0.07126120330176819,0.028234765495231774,-0.0875220088890133,0.00995365649322284,0.20751702862167462,0.11603337307395058,0.29969653192058354,0.0738579366853972,0.14850280423008347
1.0,high,230770489,0.005785446975644315,0.0988601736265709,0.005329502509654117,0.15707855803623785,0.040085065919724876,0.052091317352400045,-0.006377992862180132,-0.05958710777394784,-0.008693550915802307,-0.0715959031525313,-0.025576069982262997,-0.04296149861470802,0.0005925458865356087,-0.03927306585262326,0.003364048406148217,-0.08548265488370663,-0.014508995937461883,-0.009129818737692044
1.0,high,"[284142074, 284142071]",0.008735945816727056,0.07919317508913393,-0.026457726596903437,0.2518637487202266,-0.02697520493419825,0.07287012630212994,-0.008287858179675485,-0.059475473068693135,0.01649231279726993,-0.1141013254444286,0.0016161612146846473,-0.05103594062058992,-0.0004480876370515814,-0.019717702020441177,0.009965413799633113,-0.13776242327579832,0.025359043719513478,-0.021834185681540382
1.0,low,238326403,1.5159484171856086e-06,-0.13509986378826738,-0.1988240558579426,-0.24102040121839347,0.06520695564432952,-0.13103408630791066,-0.004700342360446842,0.17276022304556693,0.3115023005027494,0.20676309886046207,-0.07757529951662842,0.17641676338427,0.004698826412029563,-0.03766035925729977,-0.11267824464480725,0.03425730235793116,0.012368343872298484,-0.045382677076359804
1.0,low,1337648827,1.2024270468202758e-12,-0.21110273908148494,-0.1373460080976004,-0.223181884064883,0.04354954306121527,-0.11268884739821661,-0.004095710234475226,0.2480046621333567,0.2652473114549961,0.23819194920166073,-0.08803865723266614,0.12589832137536455,0.004095710233272872,-0.03690192305187148,-0.12790130335739536,-0.015010065136777523,0.044489114171451224,-0.013209473977147659
0.9994,high,"[1360091608, 11300426]",0.00766029360741477,0.14636679044259457,-0.016385633008256253,0.18526597565289987,0.02122256851636975,0.014467049923654697,-0.010252658792312123,-0.08034336898198725,0.008621135715287581,-0.10430894075891234,-0.014247618406620713,-0.014260672076887849,0.0025923651848972253,-0.06602342146060737,0.007764497292968627,-0.08095703489398785,-0.006974950109749087,-0.00020637784676700265
1.0,high,11301537,0.008990695768769583,0.10182847620105742,0.04332644190292973,0.28042459697710204,-0.0069685222470868904,-0.06837162765706514,-0.010013171987110346,-0.0720002497448077,-0.0215679618071964,-0.12087422994499154,-0.0027635589951007867,0.012427049177774135,0.001022476218340819,-0.029828226456249485,-0.02175848009573279,-0.15955036703211045,0.009732081242187775,0.05594457847929135
1.0,high,295215805,0.008473340704754515,0.08104601519838509,0.06810801218031842,0.22529570887801253,0.01655157920249932,-0.04024459174373725,-0.0065028787215321085,-0.06791244286847554,-0.03655706367949501,-0.09574676288010336,-0.016315254395023005,0.008242279243196354,-0.001970461983222406,-0.01313357232990969,-0.031550948500823295,-0.12954894599790914,-0.0002363248074763024,0.032002312500540864
1.0,high,246638752,0.0074754030091158385,0.08844062206600087,0.03818059168631598,0.10427904889348324,0.039238534342827154,0.08161586442248953,-0.006310613105098319,-0.05013985536543967,-0.022637593974892033,-0.057515929629920914,-0.02106616993409018,-0.05712196129199158,-0.0011647899040175928,-0.03830076670056111,-0.015542997711423907,-0.0467631192635624,-0.01817236440873696,-0.024493903130498
0.9003,medium,498952132,3.680389326632394e-14,-0.30009698201630036,0.13785077977116286,-0.3299056381043797,-0.06380078358853171,-0.08481731163668965,-0.006589780970717142,0.10295607372579935,-0.3274882898663287,0.11914556510797751,0.051800189082205336,-0.05489861071082775,0.0065897809706804145,0.19714090829050057,0.18963751009516575,0.21076007299640173,0.012000594506326057,0.139715922347517
1.0,low,498952130,-2.7755575615628914e-17,-0.29127322834988545,0.05534488675431653,-0.2901834334365053,-0.07009259093533751,-0.04456556961235554,-1.09036624447445e-06,0.3328824373823172,-0.05138439366489365,0.27908680159689564,0.17327569825507802,0.05129847448593877,1.0903662445924112e-06,-0.04160920903243186,-0.003960493089423128,0.011096631839609697,-0.10318310731974067,-0.006732904873583461
1.0,low,"[185961564, 1408629213]",-1.3877787807814457e-17,-0.16118658463930716,-0.10339571896165065,-0.19152775771553288,-0.04296841588682605,-0.14169145837645064,-7.099338637864272e-07,0.14965559486504987,0.18280675036876318,0.20357758463107695,0.04225218256136104,0.20691647420617973,7.099338636615271e-07,0.01153098977425731,-0.0794110314071127,-0.01204982691554398,0.000716233325464959,-0.06522501582972924
1.0,medium,245672929,1.7533486051934943e-09,-0.39602157555749945,0.05623247448895786,-0.34780011850514503,0.009360184648804084,0.03745918653638386,-0.011592243281058213,0.11534844653223665,-0.1606892317706797,0.08790231919460194,-0.04333945890256702,-0.20242132842822658,0.011592241527709626,0.28067312902526254,0.1044567572817215,0.2598977993105427,0.0339792742537625,0.16496214189184225
0.993,low,"[880513896, 753708189]",0.0020012907501449906,-0.20748025630835054,-0.3268841906435492,-0.28723948896977297,0.07051826201245359,0.10831444757930689,-0.0041972712674004375,0.2696475161228842,0.39323375712132586,0.2930102647115649,-0.0727678471462129,-0.10070596942883546,0.002195980517255485,-0.06216725981453325,-0.06634956647777643,-0.0057707757417915844,0.0022495851337595574,-0.007608478150471064
0.9994,medium,"[1334253122, 1334253123]",3.1425140267771212e-12,-0.3180589121977446,0.059833119905450656,-0.34530542557401267,-0.0488218869110425,0.011583169566322486,-0.01076875559446435,0.08707349273418552,-0.19023618701781622,0.09456556289048493,0.002676283872076391,-0.19749193950102625,0.01076875559132193,0.23098541946355886,0.13040306711236538,0.2507398626835272,0.046145603038965796,0.18590876993470337
1.0,high,4743454,0.0054233511137816715,0.09640964532433752,0.033856299822381426,0.13625488995958102,0.027226886957135828,0.06005899124301505,-0.005414089556481913,-0.053784628015074484,-0.022600964399900125,-0.062331412987113616,-0.021130849401871665,-0.04953017894099087,-9.261557299782702e-06,-0.042625017309262964,-0.011255335422481316,-0.07392347697246755,-0.006096037555264147,-0.010528812302024279
1.0,high,"[305108024, 4750623]",0.0064244707865031975,0.11647563099435071,0.03980835953244312,0.07708668894752241,0.0420745328767709,0.07736038128264222,-0.005576923666885489,-0.05895286081578412,-0.02464785184113381,-0.050944991931415655,-0.023697761286929082,-0.050971733759284564,-0.0008475471196178093,-0.05752277017856651,-0.015160507691309248,-0.026141697016106802,-0.018376771589841842,-0.026388647523357765
1.0,low,"[922450172, 545932590]",1.0007393760891325e-08,-0.11862068849693558,-0.02199755306468977,-0.2898718902028234,0.05448044092715124,-0.26476025474986364,-0.004384123693309462,0.15878119414008604,0.09505452888551381,0.26443316774838577,-0.09486192308708913,0.3661433715961125,0.004384113685915684,-0.04016050564315024,-0.07305697582082382,0.025438722454437897,0.040381482159938184,-0.10138311684624848
0.9998,medium,"[1214207624, 1214315730, 37758422, 295215799]",1.2396421023574966e-06,-0.21107872591655916,0.04036445310941487,-0.25330581246409817,-0.05911353544884796,-0.15743301558762926,-0.013060433120602295,-0.022043875054616573,-0.1498247030459988,-0.010581198688094016,-0.02586704703730095,0.006585133695930498,0.013059193478499855,0.23312260097117618,0.10946024993658444,0.26388701115219243,0.08498058248614922,0.15084788189169906
1.0,high,295215804,0.00855557450412639,-0.007140017637708353,0.1540084633151719,0.09382149879517329,0.06043910980869328,0.04954543563477636,-0.008171115937634942,-0.022524891132636816,-0.06263749740077719,-0.05692825548335288,-0.030212045675969558,-0.03431831767106133,-0.0003844585664911637,0.029664908770345024,-0.09137096591439482,-0.03689324331182035,-0.030227064132723625,-0.015227117963715057
1.0,medium,919076823,9.994930383339096e-08,-0.1952516491742485,-0.052116749023802145,-0.3105702095621038,-0.07649303446161886,-0.006338387446819629,-0.010087940714414892,-0.019148260652970133,-0.09062318870861431,0.0334320015796144,0.03523129399340808,-0.16357443581485964,0.010087840765111168,0.21439990982721907,0.1427399377324168,0.27713820798248956,0.04126174046821102,0.1699128232616796
0.9823,high,10851867,0.0077085103688208645,0.12126527837139692,-0.12433764392194666,0.061188306420631604,-0.023633636872629822,0.2993309054690423,-0.009811333139350065,-0.0693499780459451,0.06847276370875933,-0.06142610010464155,0.0018027211671550738,-0.14448019688741048,0.002102822770529235,-0.05191530032545198,0.05586488021318699,0.00023779368400989563,0.021830915705474675,-0.1548507085816319
0.8238,medium,295215808,0.0024546283588786633,-0.10559558299349506,-0.49083435897361,-0.16770626681216305,0.060299404477642406,0.06061224036507606,-0.008941259248265825,-0.000541754418010543,0.31104668780519396,0.018334939371025653,-0.1817899887866776,-0.17674928345890026,0.006486630889386929,0.1061373374115057,0.1797876711684159,0.14937132744113743,0.12149058430903513,0.11613704309382426
1.0,low,295215808,2.7768145632878216e-07,-0.1447657683014658,-0.2623672608631225,-0.16090506706897054,-0.05026359528285002,-0.02246852174481483,-0.0036867329076155433,0.15950947556472234,0.40519778757416713,0.1625689818535827,0.035357511517457,0.026260853002480364,0.0036864552261592874,-0.014743707263257005,-0.1428305267110451,-0.0016639147846124547,0.01490608376539274,-0.003792331257665857
1.0,high,"[916847081, 11300426]",0.006767151671892929,0.10159366337045536,0.009470370535029173,0.18019341868917121,-0.022752705869209494,0.08395816602289377,-0.007551041875356747,-0.06163275511033599,-0.009270581380386752,-0.08966052922037127,0.00842107193525889,-0.05509828765024083,0.0007838902034641125,-0.03996090826011933,-0.00019978915464255106,-0.09053288946879993,0.01433163393395065,-0.02885987837265293
1.0,high,62213293,0.007995679684999604,0.10975381092401129,0.06573667993362142,0.22698715767503705,0.018838944980859286,-0.07008220877829621,-0.006638933870127484,-0.0785746681194395,-0.035677352458866246,-0.0984705260823873,-0.015411509688150495,0.019980866917538267,-0.0013567458148720651,-0.031179142804572024,-0.030059327474755117,-0.1285166315926498,-0.00342743529270884,0.05010134186075793
1.0,medium,553234917,0.00024752624720057737,-0.14225626513507597,-0.04428958687185841,-0.24510357505565689,0.08003628159551915,-0.28940430819161916,-0.01154155475328695,-0.048876397432383256,-0.09179929083763412,-0.0007200531296750476,-0.1635530142473776,0.10170962132464516,0.011294028506086372,0.19113266256745914,0.1360888777094924,0.2458236281853319,0.08351673265185851,0.18769468686697396
1.0,medium,10851770,0.0011106883840855813,-0.18993779037580846,-0.06103044943554901,-0.12079222523285196,0.08800627497208033,-0.35811730535956365,-0.01119236503175558,-0.02945657241940465,-0.07637391170459472,-0.10054168816581154,-0.10529936063383732,0.10807177647921815,0.010081676647669943,0.2193943627952129,0.13740436114014348,0.22133391339866323,0.017293085661756757,0.2500455288803451
1.0,medium,235508887,2.9442016766245693e-07,-0.2157750355150642,0.05848603398061119,-0.2782956574068091,0.05504372343584137,-0.2602291084553557,-0.012299695093443308,-0.009317919099132866,-0.1732931942002179,0.032612836677806636,-0.12840052888894113,0.07590662928379174,0.012299400673275616,0.2250929546141973,0.11480716021960709,0.2456828207290024,0.07335680545309989,0.18432247917156402
1.0,high,10851731,0.01035822827838008,-0.029109727466689578,0.14896326436346194,0.04266991620840651,0.06950022727535177,0.1168481555457824,-0.010926699677664499,-0.02153040122345782,-0.05866366848411193,-0.04589503239604479,-0.03004910649123397,-0.04772721502891967,0.0005684713992845508,0.0506401286901476,-0.0902995958793496,0.003225116187638469,-0.03945112078411783,-0.06912094051686249
1.0,high,"[753730064, 246638752]",0.00564642032435371,0.10605189649365218,0.052228698824867505,0.17998186102056707,0.03798679944751336,-0.022665611690721527,-0.007947589699521425,-0.06410133618674532,-0.030442416060625786,-0.07992959879803108,-0.030943544848662956,-0.0014276377078461192,0.0023011693751674514,-0.041950560306906776,-0.02178628276424188,-0.10005226222253599,-0.007043254598850437,0.02409324939856762
1.0,high,10428122,0.006907238805441557,0.09554256612814682,-0.0919795136819537,0.25067391187856214,0.055838034582470546,0.042247826707552484,-0.007887248458303103,-0.06963657552281703,0.048006718117165476,-0.10961231956832593,-0.034018070062997514,-0.041644627806154584,0.0009800096528617443,-0.02590599060533002,0.043972795564788045,-0.1410615923102367,-0.021819964519473357,-0.0006031989013981411
1.0,medium,553234918,4.929619152882481e-07,-0.2018182052483203,-0.035841871262152915,-0.28418379123108195,0.07515398871999729,-0.19408054682011502,-0.011897765974092443,-0.0058048823717981165,-0.09726126766964142,0.03527163224586888,-0.18201882945299874,0.0469632356796508,0.011897273012177169,0.20762308762011816,0.13310313893179396,0.24891215898521282,0.10686484073300134,0.1471173111404639
1.0,low,553309958,0.0,-0.18927502553595207,-0.01972217353025866,-0.2584593268975078,-0.0633245025994507,-0.10998890701659816,-9.901739282669464e-09,0.26775481014300573,0.03213072487008676,0.28108315683626917,0.058322837043233294,0.14591635770171493,9.901739223688866e-09,-0.07847978460705389,-0.012408551339828464,-0.022623829938761626,0.0050016655562172795,-0.03592745068511706
1.0,high,261716934,0.006746207096541237,0.05645349412667119,0.03556836402809845,0.2817776877632048,0.05397570731601336,-0.07529139591113473,-0.007545462894308082,-0.06071263180779718,-0.017956548283561757,-0.11394114933622547,-0.030989202098517667,0.016352871118977486,0.0007992557977669901,0.004259137681125742,-0.01761181574453692,-0.16783653842697946,-0.022986505217495887,0.05893852479215707
1.0,medium,"[880513897, 1408629212]",0.00037232054712947604,-0.2490834906016508,-0.07769992270833778,-0.22082024386080862,0.017262492988521665,-0.11076040080459715,-0.012767230683103481,-0.002073773395358627,-0.08265883756730252,-0.0316758118464609,-0.04304989888851503,-0.04256657059570043,0.01239491013597379,0.2511572639970096,0.16035876027564017,0.2524960557072694,0.025787405899992982,0.15332697140029736
0.8238,medium,295215808,0.0024546283588786633,-0.10559558299349506,-0.49083435897361,-0.16770626681216305,0.060299404477642406,0.06061224036507606,-0.008941259248265825,-0.000541754418010543,0.31104668780519396,0.018334939371025653,-0.1817899887866776,-0.17674928345890026,0.006486630889386929,0.1061373374115057,0.1797876711684159,0.14937132744113743,0.12149058430903513,0.11613704309382426
0.993,low,"[880513896, 753708189]",0.0020012907501449906,-0.20748025630835054,-0.3268841906435492,-0.28723948896977297,0.07051826201245359,0.10831444757930689,-0.0041972712674004375,0.2696475161228842,0.39323375712132586,0.2930102647115649,-0.0727678471462129,-0.10070596942883546,0.002195980517255485,-0.06216725981453325,-0.06634956647777643,-0.0057707757417915844,0.0022495851337595574,-0.007608478150471064
0.7378,high,880513897,0.005967261312971817,-0.1368395739345821,-0.182711431673005,-0.09957579867539657,0.20351890549223314,0.30668166575535916,-0.009668550343985324,0.014614233089021628,0.08430056386944011,0.0037093776812563263,-0.06466037722670827,-0.2430873703704571,0.0037012890310135806,0.12222534084556048,0.09841086780356482,0.0958664209941401,-0.13885852826552492,-0.06359429538490209
1.0,medium,548337280,3.859377885329085e-08,-0.41344107125128404,0.14004760439946964,-0.3457756330203211,0.01108076041384698,-0.032678681710372026,-0.012523592890464848,0.1062343159426668,-0.259548866698271,0.08175427347983093,-0.043434621296912224,-0.08727362325640639,0.012523554296686046,0.30720675530861763,0.11950126229880156,0.2640213595404905,0.032353860883065494,0.11995230496677872
1.0,high,610191184,0.00857909343497916,0.13369337816149096,0.1608528526321487,0.05287858577633086,-0.05106932335969107,0.05429542481780698,-0.010493384337200616,-0.06724259966691128,-0.07291544334397435,-0.05091725381192195,0.017066190608063043,-0.03028963274948751,0.0019142909022214043,-0.06645077849457934,-0.08793740928817378,-0.0019613319644084686,0.03400313275162831,-0.02400579206831911
0.8251,medium,919076824,6.435678379101972e-11,-0.21773447503210122,-0.028817536523371476,-0.33336501077374575,-0.07094237368539862,0.010089460373253228,-0.0073676734207221845,0.04643415991979743,-0.0643419177642249,0.09191805203629792,0.05586397008914437,-0.16237369910572047,0.007367673356365505,0.17130031511230345,0.0931594542875965,0.24144695873744762,0.015078403596254186,0.1522842387324671
0.9826,low,553238923,2.7755575615628914e-17,-0.3234826759613723,0.060108228174596455,-0.3103398860864454,-0.06692634643561544,-0.00012925527093014116,-0.0003592246602703783,0.329671198660386,-0.054661329551694185,0.28561220890936245,0.19817653042514682,0.00935083096590126,0.0003592246602703679,-0.006188522699013803,-0.0054468986229022865,0.02472767717708272,-0.1312501839895317,-0.009221575694971475
1.0,high,"[681892456, 442601124]",0.007286923226173678,0.02546831609235891,0.19572950028553718,0.06200634089119108,0.012116307636826737,0.056622676288145136,-0.00720381095965926,-0.031634799593926496,-0.0770205369936407,-0.047657028588763035,-0.011635728935458903,-0.0396402182299843,-8.311226651429651e-05,0.006166483501567635,-0.11870896329189647,-0.014349312302428006,-0.0004805787013679435,-0.0169824580581609
0.5879,medium,827052043,0.0032108608275547845,-0.2495313453760329,0.10229796042402758,-0.2985314075890754,0.0007632409386043627,0.21316452717408618,-0.0099783039949266,0.04740505624352533,-0.1159123905617149,0.06741948143470011,-0.023129095500373495,-0.18059687092264176,0.006767443167371986,0.20212628913250758,0.013614430137687612,0.23111192615437523,0.022365854561769222,-0.03256765625144427
0.7781,medium,880513895,2.5715540807880188e-14,-0.33291316108315033,0.1356950429092489,-0.3240232294620605,-0.06070230664566971,-0.05882628129617542,-0.006648964074100455,0.17001255057191467,-0.30678046477885657,0.14466053889705047,0.07352873475272267,-0.06766087833621387,0.006648964074074535,0.16290061051123517,0.17108542186960723,0.1793626905650098,-0.012826428107053214,0.12648715963238896
0.8422,low,880513895,1.655769965580589e-11,-0.25075235398774454,0.1978104748461882,-0.3064009076159977,-0.061062397898404466,-0.22036475094032726,-0.003562521673065068,0.23565476768825808,-0.28903021757898706,0.2503503662814418,0.15861075719120007,0.27535729883517013,0.003562521656507455,0.015097586299486047,0.09121974273279866,0.05605054133455546,-0.09754835929279596,-0.05499254789484345
1.0,high,246630088,0.008134870742758316,0.08085088365999457,0.060808364580636744,0.1641761864202105,0.13180152769197803,-0.08654239760133878,-0.010664567439214685,-0.05916941447987607,-0.02901438844291919,-0.08493409724310465,-0.05044147972309355,0.019431824026775363,0.0025296966964565813,-0.021681469180118124,-0.03179397613771716,-0.07924208917710533,-0.08136004796888419,0.06711057357456374
0.998,high,10851867,0.008702661056874297,0.13350561382917944,-0.11514276930862877,0.20821215418822053,0.15834732427683207,-0.03638497129562259,-0.009950886530672248,-0.0825083629865866,0.06372112728930479,-0.1321658024368477,-0.05759653455880787,0.0037083359221769295,0.00124822547379793,-0.0509972508425926,0.0514216420193241,-0.0760463517513725,-0.10075078971802402,0.032676635373445784
0.7558,high,246630085,0.006164634008949302,0.05566740361721217,0.012860606890540013,-0.0447572995329477,0.22127344062496204,-0.13619247217133595,-0.009938266090118247,-0.07091067856147747,-0.05503771955870211,-0.03644882518053132,-0.0708077452157657,0.028351111305162234,0.003773632081168793,0.015243274944265781,0.042177112668162486,0.08120612471347935,-0.150465695409196,0.10784136086617412
0.9991,high,294871190,0.007570499782140805,-0.21065820003269345,0.4362826104053743,-0.17742189977608863,0.05802550670271658,0.24450069503216335,-0.010864543400841947,0.08654088099200892,-0.2453097917541912,0.06419537916515827,-0.02797425924265338,-0.08137978906091327,0.0032940436187009793,0.12411731904068433,-0.1909728186511834,0.11322652061092986,-0.03005124746006359,-0.16312090597125037
1.0,medium,457714535,1.2010231975612129e-09,-0.20416732459494355,0.14039076087365135,-0.2891643530819166,-0.056762013451758825,-0.2310670022693161,-0.009316720603984682,-0.011699614348349888,-0.32418815946264146,0.04371639082204297,0.014467267406847988,0.0722612456148184,0.009316719402961407,0.2158669389432928,0.18379739858898944,0.24544796225987311,0.04229474604491043,0.15880575665449725
1.0,high,4743386,0.00869037003459558,0.20104815863926892,0.04011932187667447,0.1346065943406596,0.03031948243698597,-0.05555386311899247,-0.009845717247903021,-0.09339810054950773,-0.019600913149953113,-0.07977323137762819,-0.02084360679695957,0.008669445820518887,0.0011553472133077301,-0.10765005808976161,-0.020518408726721626,-0.05483336296303175,-0.00947587564002671,0.04688441729847316
1.0,low,450445884,-1.3877787807814457e-17,-0.28441111280747794,0.059164666614611554,-0.26758528359340983,-0.007046640976229576,-0.14089156481726156,-2.542202486103401e-05,0.3548426291263054,-0.04725825945920044,0.2938379084097908,-0.02743866475867479,0.21124509013463572,2.5422024860815434e-05,-0.07043151631882716,-0.011906407155410793,-0.026252624816380854,0.034485305734904576,-0.07035352531737392
1.0,low,1021939550,-2.7755575615628914e-17,-0.2709348727621218,0.05724671975513842,-0.2621191711057216,-0.008793917191485999,-0.1561686942755763,-2.5309428199581097e-05,0.3537952058482065,-0.05752398982383065,0.2847557614865853,-0.030579458720278563,0.2347853092539644,2.5309428199459666e-05,-0.0828603330860841,0.0002772700686926319,-0.022636590380863447,0.039373375911764735,-0.07861661497838766
0.9961,medium,"[1408620386, 283764975]",1.4480083798673604e-12,-0.35795914021748165,0.06372678289563763,-0.33216468966699286,0.0028125410275090315,-0.01718542954657766,-0.009997559765388603,0.1350651710425324,-0.18526223066262604,0.10583404565619461,-0.10281323545694798,-0.1537125607576343,0.009997559763940532,0.22289396917494964,0.12153544776698859,0.22633064401079853,0.10000069442943901,0.17089799030421224
0.918,low,283764988,7.077671781985373e-16,-0.327392333251153,0.06620219863140353,-0.3055408320750037,-0.0013944528860815111,-0.07264451599892408,-0.0014557106756642527,0.32517428064156934,-0.049104452530624475,0.28463757051552924,0.02382663334087696,0.12010194843699239,0.0014557106756634304,0.002218052609583925,-0.017097746100778854,0.02090326155947453,-0.02243218045479545,-0.04745743243806817
1.0,low,283764989,5.551115123125783e-17,-0.2943412504343351,0.060163394449819156,-0.27202104641503905,-0.006218168361593376,-0.1283528648186189,-2.6222148975046933e-05,0.35204943500204555,-0.03318635071861187,0.2957076845479398,-0.020946733036083274,0.19157534586437913,2.6222148974894277e-05,-0.05770818456771014,-0.02697704373120727,-0.02368663813290083,0.027164901397676498,-0.06322248104576027
1.0,low,1021939550,0.0,-0.279089574781794,0.0586111266701158,-0.2654964368610943,-0.0077659002513034685,-0.1470291503556914,-2.5344772513494207e-05,0.3554495156817352,-0.05356902313488287,0.29065076636450743,-0.0287317348185649,0.2214320092792091,2.534477251342135e-05,-0.07635994089994061,-0.005042103535232538,-0.025154329503412693,0.03649763506986882,-0.07440285892351729
0.683,medium,1021939550,2.848138391797761e-13,-0.3265213947629858,0.14292185172912839,-0.31034320456994396,0.004339371371879695,-0.15116655934706805,-0.007128515805331012,0.19811299810520866,-0.2877349344875154,0.17038113138881292,-0.06545347916279393,0.09403261615259279,0.007128515805046396,0.1284083966577775,0.14481308275838725,0.1399620731811314,0.06111410779091453,0.057133943194475595
1.0,low,1408620383,-8.326672684688674e-17,-0.26794134228342376,0.054876606029894075,-0.28326367766552085,-0.07397512328653563,-0.07046639837418128,-4.271047097242908e-08,0.32867279677195704,-0.06110069391446777,0.2796678621666676,0.1351313710299584,0.10283343539140835,4.271047110079862e-08,-0.06073145448853333,0.006224087884573985,0.0035958154988531884,-0.061156247743422626,-0.032367037017226985
1.0,medium,1427141856,2.1328515342755594e-10,-0.2082811072670722,0.05349880686120425,-0.3706887722182964,-0.08480621768158705,-0.03049262209308128,-0.008943856289841456,-0.014893710544810243,-0.1756887193101464,0.0761087808939274,0.032571325696068194,-0.12394176997696235,0.008943856076556195,0.22317481781188211,0.1221899124489421,0.2945799913243685,0.052234891985518714,0.1544343920700433
1.0,high,4785424,0.006411327435220729,0.10783265320312338,0.026309418403030534,0.26338195900429584,-0.011278602192205799,-0.033426691433560037,-0.008331012690559504,-0.07304433551224353,-0.016612808176761407,-0.11013801262304386,-0.005885606825670046,-0.0007803474731543653,0.0019196852553387024,-0.03478831769087948,-0.009696610226268837,-0.15324394638125188,0.017164209017876044,0.03420703890671466
0.9998,low,1223827918,1.1671219546371958e-14,-0.1867136472094532,0.11539767432771886,-0.23079739986062756,-0.14916085688550426,-0.18949570595191267,-0.0008565690991302125,0.19341359135256453,-0.16104758839885627,0.18758830207604507,0.32910678064879684,0.2368213446583523,0.0008565690991186314,-0.006699944143111085,0.045649914071137845,0.04320909778458287,-0.17994592376329246,-0.047325638706439466
