osmid,lighting,visibility,connectivity,enclosure,dominant_land_use_score,public_transport_proximity_m,dist_to_rail_m,dist_to_bus_m,lighting_norm,visibility_norm,connectivity_norm,enclosure_norm,dominant_land_use_score_norm,public_transport_proximity_m_norm,pedestrian_priority_score_norm,risk_class,risk_probability
"[8380803, 309051278]",0,0.8181,5,0.0003561092572042775,0.5,17.49,17.49,28.76,0.0,0.8000439705397384,0.2222222222222222,0.0005226509580851958,0.4997498749374687,0.066201297469555,0.0,low,1.0
246638753,0,1.0,4,0.0003561092572042775,0.5,121.77,121.77,125.82,0.0,1.0,0.1111111111111111,0.0005226509580851958,0.4997498749374687,0.46181569862286126,0.0,medium,0.9995
18508391,0,1.0,6,0.0003561092572042775,0.5,76.46,76.46,81.64,0.0,1.0,0.3333333333333333,0.0005226509580851958,0.4997498749374687,0.2899199514397359,0.0,low,0.507
294871189,0,1.0,6,0.0003561092572042775,0.5,80.33,80.33,82.5,0.0,1.0,0.3333333333333333,0.0005226509580851958,0.4997498749374687,0.3046018437725255,0.0,medium,0.7335
"[245672930, 294871188]",0,1.0,5,0.0003561092572042775,0.5,122.59,122.59,125.53,0.0,1.0,0.2222222222222222,0.0005226509580851958,0.4997498749374687,0.46492659053833607,0.0,medium,1.0
"[1360092505, 450445885]",0,1.0,6,0.0003561092572042775,0.9821,116.82,117.18,116.82,0.0,1.0,0.3333333333333333,0.0005226509580851958,0.9820910455227614,0.44303653401115367,0.0,medium,1.0
295215797,4,0.2675,5,0.5580027985742623,0.1658,171.66,183.69,171.66,0.03361344537815126,0.19478949104100257,0.2222222222222222,0.8527565310084356,0.16538269134567282,0.651086915285102,0.0,high,1.0
4743362,4,0.2264,3,0.6132827906279122,0.141,186.2,197.14,186.2,0.03361344537815126,0.14960976145982194,0.0,0.9372392025988139,0.14057028514257128,0.70624834022535,0.0,high,1.0
295215797,13,0.3212,6,0.559706969753659,0.0729,115.63,126.72,115.63,0.1092436974789916,0.25381994063977137,0.3333333333333333,0.8553609621730247,0.07243621810905453,0.4385219469630866,0.0,high,1.0
4743363,2,0.4254,4,0.4478685145373627,0.1116,100.92,112.16,100.92,0.01680672268907563,0.368363196658239,0.1111111111111111,0.6844417718438408,0.11115557778889444,0.3827155810159718,0.0,high,0.9998
4743364,5,0.2335,3,0.5412448584328814,0.1629,263.63,263.63,275.92,0.04201680672268908,0.15741453226338353,0.0,0.8271458986457991,0.16248124062031014,1.0,0.0,high,1.0
"[295215802, 295215803, 241868444]",0,0.2986,5,0.5551588175512232,0.5088,213.63,219.58,213.63,0.0,0.2289765856875893,0.2222222222222222,0.8484101643420748,0.5085542771385694,0.8103114685686105,0.0,high,1.0
18618230,5,0.3976,5,0.39462999400340637,0.1628,69.71,73.64,69.71,0.04201680672268908,0.3378036715400682,0.2222222222222222,0.6030790169096011,0.16238119059529765,0.2643119996964983,0.0,high,0.9529
62173510,1,0.4722,7,0.37432100279772496,0.4303,55.15,57.68,55.15,0.008403361344537815,0.4198087281521381,0.4444444444444444,0.5720414249957619,0.4300150075037519,0.2090746993436777,0.0,high,0.9977
18618300,6,0.3584,6,0.43743677785487095,0.2203,153.84,162.16,153.84,0.05042016806722689,0.2947125425964604,0.3333333333333333,0.6684992770726957,0.21990995497748872,0.5834819226829547,0.0,high,1.0
1028689883,3,0.2242,5,0.5823060931299425,0.0991,124.81,127.21,124.81,0.025210084033613446,0.14719138177421132,0.2222222222222222,0.8898984909877189,0.09864932466233116,0.47334876133388976,0.0,high,1.0
553234915,72,0.6234,6,0.2865777299277614,0.5,92.81,98.66,92.81,0.6050420168067226,0.5860173683631966,0.3333333333333333,0.43794614330788,0.4997498749374687,0.3519481012178004,0.0,medium,0.8073
4743368,0,0.4203,8,0.420229965658924,0.2841,131.59,147.06,131.59,0.0,0.36275695284159615,0.5555555555555556,0.6422026476799729,0.2837418709354677,0.4990705261959863,0.0,high,1.0
10851867,5,0.5195,9,0.1823478635536304,0.4102,158.15,166.87,158.15,0.04201680672268908,0.47180389139276685,0.6666666666666666,0.27865491978077195,0.4099049524762381,0.5998330740923404,0.0,high,1.0
10851867,0,0.4956,9,0.30942098572833715,0.0559,64.36,82.85,64.36,0.0,0.44553149389908764,0.6666666666666666,0.4728567720211057,0.05542771385692846,0.24401532683333965,0.0,high,0.8612
4743384,0,0.1807,11,0.312317049998655,0.1497,139.27,139.27,143.19,0.0,0.09937341980872814,0.8888888888888888,0.477282735874654,0.1492746373186593,0.5282066846238478,0.0,high,1.0
4743390,0,0.2869,10,0.26350744613512517,0.1916,156.83,156.83,159.18,0.0,0.21611520281411456,0.7777777777777778,0.4026885548614391,0.19119559779889944,0.5948252968625518,0.0,high,1.0
4743390,0,0.0903,10,0.33521973850004366,0.2542,190.66,190.66,193.71,0.0,0.0,0.7777777777777778,0.5122841937135357,0.2538269134567283,0.7231685572290301,0.0,high,1.0
11300057,0,0.1735,9,0.31736593029266075,0.179,136.08,136.08,142.58,0.0,0.09145872265582058,0.6666666666666666,0.48499878068456737,0.17858929464732365,0.5161045563185251,0.0,high,1.0
12373202,0,0.1462,10,0.31370246759237164,0.1448,169.71,169.71,174.81,0.0,0.06144882928437946,0.7777777777777778,0.47940002596890546,0.14437218609304653,0.6436890625592778,0.0,high,1.0
12373202,0,0.1633,11,0.3107088923890388,0.1477,72.27,72.27,78.08,0.0,0.0802462350225349,0.8888888888888888,0.47482503922616465,0.1472736368184092,0.2740240525057855,0.0,high,1.0
230770489,0,0.2851,7,0.31402370232172705,0.1637,152.3,152.3,158.8,0.0,0.2141365285258877,0.4444444444444444,0.4798909588930133,0.16328164082041022,0.577639515914868,0.0,high,1.0
922816016,0,0.5678,6,0.17363277218690085,0.459,160.48,160.48,163.32,0.0,0.5248983181268551,0.3333333333333333,0.26533592000412604,0.45872936468234116,0.6086725596570431,0.0,high,0.9999
11299615,0,0.2706,8,0.31425591686407806,0.2249,101.36,101.36,104.14,0.0,0.19819720787072664,0.5555555555555556,0.4802458450677601,0.224512256128064,0.384384840092568,0.0,high,1.0
4743386,0,0.3421,7,0.2526999330970504,0.2057,61.48,61.48,64.35,0.0,0.2767945476530725,0.4444444444444444,0.3861717729158434,0.2053026513256628,0.23308926742289163,0.0,high,0.9645
11299615,0,0.2502,8,0.2803398194541218,0.2394,44.3,44.3,46.44,0.0,0.1757722326041552,0.5555555555555556,0.42841294110620054,0.23901950975487743,0.16791228802306613,0.0,high,0.9995
241618932,0,0.1596,6,0.2855750612003244,0.1454,63.58,63.58,63.76,0.0,0.07617896009673518,0.3333333333333333,0.43641379625667576,0.14497248624312156,0.24105618574301,0.0,high,0.9999
4743390,5,0.1885,9,0.3011383583508207,0.1434,115.85,115.85,116.5,0.04201680672268908,0.10794767505771133,0.6666666666666666,0.4601986933448083,0.14297148574287144,0.4393565765013847,0.0,high,1.0
4743390,0,0.2869,10,0.26350744613512517,0.1916,156.83,156.83,159.18,0.0,0.21611520281411456,0.7777777777777778,0.4026885548614391,0.19119559779889944,0.5948252968625518,0.0,high,1.0
1391556727,0,0.1387,10,0.3234395901149671,0.2071,120.93,120.93,122.55,0.0,0.05320435308343408,0.7777777777777778,0.4942809637865764,0.20670335167583792,0.45862893129481397,0.0,high,1.0
12373202,0,0.1462,10,0.31370246759237164,0.1448,169.71,169.71,174.81,0.0,0.06144882928437946,0.7777777777777778,0.47940002596890546,0.14437218609304653,0.6436890625592778,0.0,high,1.0
352987332,0,0.1896,10,0.3040029646890424,0.1785,227.83,227.83,229.4,0.0,0.10915686490051664,0.7777777777777778,0.4645765810310588,0.17808904452226113,0.8641830114951252,0.0,high,1.0
12373202,0,0.1633,11,0.3107088923890389,0.1477,72.27,72.27,78.08,0.0,0.0802462350225349,0.8888888888888888,0.4748250392261648,0.1472736368184092,0.2740240525057855,0.0,high,1.0
"[284142072, 284142071]",0,0.2703,9,0.6543493941846757,0.1506,83.98,83.98,90.27,0.0,0.1978674288226888,0.6666666666666666,1.0,0.1501750875437719,0.31844910656701697,0.0,high,1.0
4743390,0,0.2171,9,0.32086680177571,0.3465,134.33,138.61,134.33,0.0,0.13938661097064964,0.6666666666666666,0.49034905236144327,0.3461730865432716,0.5094654577184264,0.0,high,1.0
1391554614,0,0.1845,4,0.3408060977583353,0.2819,100.84,107.13,100.84,0.0,0.1035506210838738,0.1111111111111111,0.520821650704233,0.28154077038519254,0.38241207936568156,0.0,high,1.0
4743390,0,0.1799,12,0.31992337364434903,0.2452,193.94,198.75,193.94,0.0,0.09849400901396065,1.0,0.4889072408482734,0.2448224112056028,0.7356121248909292,0.0,high,1.0
4743390,0,0.2171,9,0.32086680177571,0.3465,134.33,138.61,134.33,0.0,0.13938661097064964,0.6666666666666666,0.49034905236144327,0.3461730865432716,0.5094654577184264,0.0,high,1.0
"[1391552737, 1433177571]",0,0.4233,9,0.2759127655952968,0.393,180.33,182.15,180.33,0.0,0.3660547433219743,0.6666666666666666,0.42164721406150335,0.39269634817408705,0.6839789066353049,0.0,high,1.0
4743390,0,0.1799,12,0.31992337364434903,0.2452,193.94,198.75,193.94,0.0,0.09849400901396065,1.0,0.4889072408482734,0.2448224112056028,0.7356121248909292,0.0,high,1.0
4743390,0,0.2111,11,0.29590659735527836,0.2663,210.76,210.76,213.06,0.0,0.1327910300098934,0.8888888888888888,0.4522031577159899,0.2659329664832416,0.7994233468644486,0.0,high,1.0
352987332,0,0.2044,9,0.30503187103679547,0.399,200.44,200.44,203.15,0.0,0.12542596460371552,0.6666666666666666,0.46614902621140747,0.39869934967483744,0.7602716339770098,0.0,high,1.0
4743390,0,0.0903,10,0.33521973850004366,0.2542,190.66,190.66,193.71,0.0,0.0,0.7777777777777778,0.5122841937135357,0.2538269134567283,0.7231685572290301,0.0,high,1.0
4743390,0,0.2111,11,0.29590659735527836,0.2663,210.76,210.76,213.06,0.0,0.1327910300098934,0.8888888888888888,0.4522031577159899,0.2659329664832416,0.7994233468644486,0.0,high,1.0
4743393,0,0.1582,8,0.3221519039631886,0.3574,160.04,160.04,162.53,0.0,0.07463999120589206,0.5555555555555556,0.49231303357836287,0.3570785392696348,0.6070033005804469,0.0,high,1.0
4743390,5,0.1885,9,0.3011383583508207,0.1434,115.85,115.85,116.5,0.04201680672268908,0.10794767505771133,0.6666666666666666,0.4601986933448083,0.14297148574287144,0.4393565765013847,0.0,high,1.0
241618932,1,0.2517,7,0.24457836848231246,0.098,64.14,65.18,64.14,0.008403361344537815,0.17742112784434427,0.4444444444444444,0.3737598413894958,0.0975487743871936,0.24318069729504155,0.0,high,0.9916
12373447,0,0.4882,8,0.2581550328565085,0.3744,115.55,116.82,115.55,0.0,0.43739694404748825,0.5555555555555556,0.39450863014664356,0.37408704352176086,0.4382184453127964,0.0,high,1.0
1028683570,2,0.3142,7,0.27441127244129665,0.2461,115.59,117.63,115.59,0.01680672268907563,0.24612509618555567,0.4444444444444444,0.4193525293426364,0.24572286143071537,0.43837019613794154,0.0,high,1.0
230770489,0,0.2382,7,0.44435651332137144,0.1098,59.47,59.47,61.57,0.0,0.1625810706826426,0.4444444444444444,0.6790744909464839,0.10935467733866933,0.22546378845934978,0.0,high,1.0
1028683570,0,0.2306,8,0.3191184110325979,0.2903,41.37,43.26,41.37,0.0,0.1542266681323513,0.5555555555555556,0.4876770418297008,0.2899449724862431,0.1567965400811867,0.0,high,1.0
"[886800835, 1433177572]",0,0.318,6,0.2760254314635364,0.2211,64.49,73.9,64.49,0.0,0.2503022974607014,0.3333333333333333,0.42181939776110833,0.22071035517758877,0.24450851701506124,0.0,high,0.9865
230770489,0,0.2924,7,0.4904714181088601,0.3003,155.56,155.56,157.66,0.0,0.22216115202814116,0.4444444444444444,0.7495504481934011,0.29994997498749376,0.5900072081641945,0.0,high,1.0
"[1433177571, 4750638]",0,0.1326,9,0.3308312996758096,0.2868,132.94,132.94,134.58,0.0,0.04649884577333186,0.6666666666666666,0.5055774808105669,0.2864432216108054,0.5041921165446338,0.0,high,1.0
230770489,0,0.1665,7,0.47477656306197785,0.165,191.86,191.86,196.75,0.0,0.08376387820160493,0.4444444444444444,0.7255644953137861,0.1645822911455728,0.7277210819833835,0.0,high,1.0
352987332,0,0.1397,8,0.3232292126812714,0.2589,202.78,202.78,204.76,0.0,0.05430361657689347,0.5555555555555556,0.4939594505775352,0.2585292646323162,0.7691490572479989,0.0,high,1.0
246630090,0,0.335,6,0.5007196953991738,0.1413,96.51,96.79,96.51,0.0,0.26898977684951086,0.3333333333333333,0.7652125677509516,0.1408704352176088,0.3659850525437232,0.0,high,1.0
"[4750627, 911389015]",0,0.312,5,0.31449151210664605,0.1818,53.78,53.78,59.09,0.0,0.24370671649994505,0.2222222222222222,0.48060589786022084,0.18139069534767382,0.20387723358245763,0.0,high,0.897
"[241618932, 1433159892]",0,0.4569,5,0.17470310048974622,0.1818,12.17,12.17,12.6,0.0,0.40298999670220953,0.2222222222222222,0.2669716690544409,0.18139069534767382,0.046018437725255136,0.0,medium,0.9999
241618932,9,0.2314,6,0.26199457633615336,0.0642,145.94,145.94,146.08,0.07563025210084033,0.15510607892711883,0.3333333333333333,0.4003764835742093,0.06373186593296647,0.5535111347167951,0.0,high,1.0
241618932,0,0.4446,7,0.07264515245952038,0.1739,99.5,100.71,99.5,0.0,0.38946905573265916,0.4444444444444444,0.11099971995832746,0.17348674337168582,0.37732842672332034,0.0,medium,0.9656
241618932,0,0.3257,6,0.26729392878819036,0.1222,3.26,3.26,6.85,0.0,0.2587666263603386,0.3333333333333333,0.40847531709814694,0.12176088044022011,0.012215941424181495,0.0,medium,0.9997
284142072,0,0.3256,8,0.5776373076403791,0.243,22.84,22.84,27.33,0.0,0.25865670001099267,0.5555555555555556,0.8827633331016992,0.24262131065532763,0.0864979703327137,0.0,high,1.0
"[11301537, 1426926355, 1426926356, 1426926357, 1426926358, 1426926359, 1426926360, 18833661]",0,0.4937,8,0.3163543921345624,0.4301,104.57,106.49,104.57,0.0,0.44344289326151487,0.5555555555555556,0.4834528787617013,0.4298149074537268,0.3965628438104632,0.0,high,1.0
4743446,5,0.3184,4,0.5006411397559631,0.1479,85.31,89.23,85.31,0.04201680672268908,0.2507420028580851,0.1111111111111111,0.7650925136344369,0.1474737368684342,0.32349482150309194,0.0,high,1.0
1028683102,1,0.3186,6,0.4962224190821358,0.0081,114.0,114.0,115.36,0.008403361344537815,0.25096185555677697,0.3333333333333333,0.7583395219340352,0.007603801900950474,0.43233810083842333,0.0,high,1.0
1446580480,0,0.4363,7,0.43511561780215385,0.3744,113.52,114.2,113.52,0.0,0.3803451687369463,0.4444444444444444,0.6649519212363909,0.37408704352176086,0.43051709093668195,0.0,high,1.0
4743454,0,0.5583,5,0.25595980373902927,0.3713,40.97,40.97,67.2,0.0,0.5144553149389909,0.2222222222222222,0.3911537305942406,0.37098549274637316,0.1552790318297356,0.0,medium,0.9999
4809721,0,0.3397,6,0.42637289650029875,0.521,104.53,107.04,104.53,0.0,0.27415631526876993,0.3333333333333333,0.6515906954997085,0.5207603801900951,0.3964110929853181,0.0,high,1.0
"[753730058, 295215803]",0,0.332,6,0.4923817335381705,0.0899,81.9,86.74,81.9,0.0,0.2656919863691327,0.3333333333333333,0.7524699231255219,0.08944472236118058,0.3105580636594712,0.0,high,1.0
525588035,10,0.7361,6,0.034217507199427066,0.0457,106.19,106.75,106.19,0.08403361344537816,0.7099043640760689,0.3333333333333333,0.05227195944509738,0.04522261130565282,0.4027087522288402,0.0,medium,0.9998
4745025,0,0.3673,9,0.5073987239587957,0.0752,126.71,137.62,126.71,0.0,0.3044959876882489,0.6666666666666666,0.7754199168366328,0.07473736868434216,0.48055692552828255,0.0,high,1.0
"[4785424, 241867923]",0,0.2493,7,0.5447876782439615,0.0385,212.83,219.06,212.83,0.0,0.17478289546004175,0.4444444444444444,0.8325602786318325,0.03801900950475237,0.8072764520657083,0.0,high,1.0
4745025,0,0.3673,9,0.5073987239587957,0.0752,126.71,137.62,126.71,0.0,0.3044959876882489,0.6666666666666666,0.7754199168366328,0.07473736868434216,0.48055692552828255,0.0,high,1.0
10853180,0,0.4636,8,0.24098574722335273,0.162,133.07,133.07,144.72,0.0,0.4103550621083874,0.5555555555555556,0.36826935141846356,0.1615807903951976,0.5046853067263554,0.0,high,1.0
553309959,0,1.0,6,0.39889922573762,0.5,43.11,43.11,47.39,0.0,1.0,0.3333333333333333,0.6096035493696411,0.4997498749374687,0.16339770097499906,0.0,medium,1.0
827052043,0,0.9156,4,0.39889922573762,0.0134,17.34,17.34,25.79,0.0,0.9072221611520281,0.1111111111111111,0.6096035493696411,0.012906453226613306,0.06563223187526084,0.0,low,0.7313
"[1408640352, 246638755]",0,0.8078,4,0.082218315472189,0.9835,24.03,84.22,24.03,0.0,0.7887215565571067,0.1111111111111111,0.12563008361857397,0.9834917458729365,0.09101255738078078,0.0,medium,0.9739
"[237649293, 1223827918]",0,0.741,5,0.0680699802697812,0.2456,120.88,120.88,120.97,0.0,0.71529075519402,0.2222222222222222,0.10400762833139593,0.24522261130565282,0.45843924276338255,0.0,medium,1.0
"[237649292, 601740758, 906750214]",0,0.8677,4,0.039188150957317223,0.5956,12.42,12.42,13.72,0.0,0.8545674398153238,0.1111111111111111,0.059868437819823754,0.5953976988494247,0.046966880382412084,0.0,low,1.0
4785522,0,0.4102,6,0.5902140913132272,0.1828,153.32,153.32,163.74,0.0,0.35165439155765643,0.3333333333333333,0.901984035660145,0.18239119559779887,0.5815091619560682,0.0,high,1.0
261716934,0,0.328,7,0.421367700112847,0.2202,151.68,151.68,154.94,0.0,0.26129493239529517,0.4444444444444444,0.6439414114289719,0.21980990495247624,0.5752873781251187,0.0,high,1.0
10055641,0,0.367,7,0.3606332153198991,0.3615,129.73,133.96,129.73,0.0,0.3041662086402111,0.4444444444444444,0.5511228102975947,0.36118059029514754,0.4920141128267385,0.0,high,1.0
261716934,4,0.3879,7,0.3552809384711706,0.4839,148.05,148.05,148.65,0.03361344537815126,0.3271408156535122,0.4444444444444444,0.5429430940843023,0.4836418209104552,0.5615159907431998,0.0,high,1.0
553234916,1,0.5789,6,0.08744051185867913,0.5,105.24,105.49,105.24,0.008403361344537815,0.5371001429042541,0.3333333333333333,0.13361100195648057,0.4997498749374687,0.39910467013164386,0.0,medium,0.9818
"[18504649, 4785511]",0,0.3082,4,0.5005715529669966,0.1584,148.71,151.15,148.71,0.0,0.23952951522479937,0.1111111111111111,0.7649861663355157,0.15797898949474737,0.5640198793580942,0.0,high,1.0
18504649,0,0.3275,6,0.523840135857005,0.1111,88.64,90.44,88.64,0.0,0.2607453006485655,0.3333333333333333,0.8005468090498317,0.11065532766383192,0.3361280776964225,0.0,high,1.0
62213293,0,0.6226,8,0.23167988389644245,0.2021,193.36,202.19,193.36,0.0,0.5851379575684291,0.5555555555555556,0.3540474934531205,0.2017008504252126,0.7334117379263251,0.0,high,1.0
1446567439,0,0.5252,6,0.37501919326952177,0.2219,207.8,207.81,207.8,0.0,0.4780696933054854,0.3333333333333333,0.573108447514128,0.22151075537768883,0.7881937858037105,0.0,high,1.0
12372760,21,0.3416,3,0.6234192617138404,0.3092,77.13,188.76,77.13,0.17647058823529413,0.2762449159063428,0.0,0.9527304522539645,0.3088544272136068,0.2924617777609166,0.0,high,0.9999
"[4809711, 305108017, 305108027, 4809719]",0,0.3304,6,0.2492962835239033,0.0469,101.53,107.88,101.53,0.0,0.2639331647795977,0.3333333333333333,0.3809700824232353,0.04642321160580289,0.38502978109943475,0.0,high,0.9977
10428122,0,0.4342,9,0.4023360075458647,0.0528,111.92,112.14,111.92,0.0,0.37803671540068157,0.6666666666666666,0.6148558748141154,0.05232616308154077,0.4244470579308775,0.0,high,1.0
305108027,0,0.3896,8,0.3761852584464559,0.0745,74.04,76.95,74.04,0.0,0.32900956359239314,0.5555555555555556,0.5748905082152275,0.07403701850925462,0.2807390265184567,0.0,high,0.9999
1426923360,0,0.4263,8,0.3041059058613043,0.0528,105.83,105.83,106.77,0.0,0.36935253380235245,0.5555555555555556,0.46473390278394344,0.05232616308154077,0.40134299480253427,0.0,high,0.9999
246630090,0,0.4848,6,0.26715455370053914,0.6612,5.54,5.54,5.9,0.0,0.43365944816972635,0.3333333333333333,0.4082623145393461,0.6610305152576288,0.020865738457452866,0.0,medium,0.9964
246630090,0,0.3069,6,0.5263926171015775,0.0012,130.84,130.84,132.96,0.0,0.23810047268330223,0.3333333333333333,0.8044476857814443,0.0007003501750875436,0.49622519822451544,0.0,high,1.0
4813536,0,0.5426,6,0.36440664884031815,0.2148,121.3,123.74,121.3,0.0,0.49719687809167856,0.3333333333333333,0.5568896299556781,0.21440720360180088,0.4600326264274062,0.0,high,0.9999
208855944,0,0.654,8,0.23273587906496482,0.2997,137.74,142.43,137.74,0.0,0.6196548312630538,0.5555555555555556,0.3556613376254698,0.2993496748374187,0.5224022155620472,0.0,high,0.9983
"[68506242, 1214315734]",2,0.7035,4,0.07932527374140824,0.2439,84.94,220.2,84.94,0.01680672268907563,0.6740683741892932,0.1111111111111111,0.1212087390170479,0.24352176088044022,0.32209112637049964,0.0,medium,1.0
86772180,0,0.4452,6,0.39111749517535704,0.4924,174.68,178.8,174.68,0.0,0.39012861382873476,0.3333333333333333,0.5977109755274012,0.49214607303651825,0.6625441025835579,0.0,high,1.0
"[881656434, 237649291, 885509902]",0,0.8094,6,0.03774672709765133,0.0224,17.48,17.48,17.65,0.0,0.7904803781466417,0.3333333333333333,0.05766555511245099,0.02191095547773887,0.06616335976326872,0.0,low,1.0
295215807,0,1.0,11,0.1092831209912136,0.3684,52.48,52.48,53.79,0.0,1.0,0.8888888888888888,0.16699237386822025,0.36808404202101047,0.19894533176524148,0.0,medium,0.9999
"[1427229761, 1427229762, 1427229770, 295215796, 1122460245]",0,0.8449,8,0.019111261339979785,0.5,14.92,14.92,18.04,0.0,0.8295042321644498,0.5555555555555556,0.029185559456678247,0.4997498749374687,0.056451306953981574,0.0,low,0.9804
"[295215808, 1122460246]",0,0.6217,11,0.1092831209912136,0.3684,71.17,71.17,75.73,0.0,0.5841486204243157,0.8888888888888888,0.16699237386822025,0.36808404202101047,0.2698509048142949,0.0,medium,0.9523
11297310,66,0.7442,9,0.10106837006076554,0.236,45.22,45.22,47.73,0.5546218487394958,0.71880839837309,0.6666666666666666,0.1544380286291642,0.2356178089044522,0.17140255700140372,0.0,low,1.0
86772180,1,0.6412,6,0.18953116607184314,0.5,68.26,70.25,68.26,0.008403361344537815,0.6055842585467737,0.3333333333333333,0.2896329348823576,0.4997498749374687,0.2588110322849881,0.0,medium,0.9996
"[1221715066, 18596059]",0,0.8015,7,1.4120299399198712e-05,0.4605,8.14,8.14,32.23,0.0,0.7817961965483126,0.4444444444444444,5.1779751516364626e-21,0.46023011505752875,0.030729542091885133,0.0,low,0.9997
"[1446575233, 246638756, 1522867686, 1433174504, 1335771615]",0,0.5544,8,0.2636007753918904,0.6905,166.85,166.85,169.11,0.0,0.5101681873144993,0.5555555555555556,0.40283118702646226,0.6903451725862931,0.6328388785614022,0.0,high,1.0
"[12372966, 1426923359]",0,0.4692,8,0.35823787261118933,0.3884,126.9,126.98,126.9,0.0,0.41651093767175995,0.5555555555555556,0.5474620834434747,0.38809404702351175,0.4812777419477219,0.0,high,1.0
185957649,30,0.742,8,0.033291100375801914,0.3362,19.72,29.48,19.72,0.25210084033613445,0.7163900186874793,0.5555555555555556,0.05085616106069365,0.33586793396698345,0.07466140597139498,0.0,low,1.0
12373447,0,0.4882,8,0.2581550328565084,0.3744,115.55,116.82,115.55,0.0,0.43739694404748825,0.5555555555555556,0.3945086301466435,0.37408704352176086,0.4382184453127964,0.0,high,1.0
"[1446575233, 1393577226]",2,0.2471,7,0.2881977963949428,0.4474,80.45,83.48,80.45,0.01680672268907563,0.17236451577443113,0.4444444444444444,0.4404220398884844,0.44712356178089047,0.30505709624796085,0.0,high,1.0
4743395,9,0.7867,7,0.05706729079766236,0.235,78.5,87.55,78.5,0.07563025210084033,0.7655270968451137,0.4444444444444444,0.08719256438598508,0.23461730865432714,0.29765924352213663,0.0,medium,0.9982
185957649,30,0.742,8,0.033291100375801914,0.3362,19.72,29.48,19.72,0.25210084033613445,0.7163900186874793,0.5555555555555556,0.05085616106069365,0.33586793396698345,0.07466140597139498,0.0,low,1.0
238326403,12,0.7485,9,0.05397704002895304,0.0028,53.68,53.68,63.44,0.10084033613445378,0.7235352313949655,0.6666666666666666,0.08246983142011546,0.0023011505752876435,0.20349785651959484,0.0,low,0.5015
18502409,0,0.285,5,0.3445752888136211,0.5,198.27,198.27,201.52,0.0,0.2140266021765417,0.2222222222222222,0.52658198673641,0.4997498749374687,0.7520391517128876,0.0,high,1.0
40653591,0,1.0,6,0.008935626824627375,0.9821,51.76,51.76,57.15,0.0,1.0,0.3333333333333333,0.01363445756523951,0.9820910455227614,0.19621381691262949,0.0,medium,0.9324
625774638,0,1.0,5,0.008935626824627375,0.9821,50.9,50.9,58.38,0.0,1.0,0.2222222222222222,0.01363445756523951,0.9820910455227614,0.19295117417200958,0.0,medium,0.5198
86772180,0,0.3885,6,0.4866565930942785,0.251,113.28,116.96,113.28,0.0,0.3278003737495878,0.3333333333333333,0.7437203712178315,0.25062531265632815,0.4296065859858113,0.0,high,1.0
237649291,0,0.7666,5,0.0651097263836042,1.0,40.46,72.81,40.46,0.0,0.7434319006265802,0.2222222222222222,0.09948356550867851,1.0,0.1533442088091354,0.0,medium,1.0
10853180,0,0.5046,6,0.3533330259699299,0.162,64.6,64.6,72.36,0.0,0.45542486534022214,0.3333333333333333,0.539966160730741,0.1615807903951976,0.24492583178421032,0.0,medium,0.5282
18616637,0,0.417,6,0.3636682713370915,0.2336,63.9,70.76,63.9,0.0,0.3591293833131802,0.3333333333333333,0.5557611908623027,0.23321660830415206,0.24227019234417088,0.0,high,0.9914
4785520,0,0.3953,4,0.44106041750872876,0.1118,167.99,167.99,172.81,0.0,0.3352753655051116,0.1111111111111111,0.674037171480163,0.11135567783891945,0.637163777078038,0.0,high,1.0
10851770,0,0.6327,6,0.1891017000507425,0.0899,1.5,1.5,6.11,0.0,0.596240518852369,0.3333333333333333,0.28897659548229654,0.08944472236118058,0.005538905117796578,0.0,medium,0.5793
"[62126122, 62125871, 886813239]",2,0.415,4,0.4429950733783727,0.1132,209.07,214.04,209.07,0.01680672268907563,0.3569308563262614,0.1111111111111111,0.6769938451409859,0.11275637818909454,0.7930118745020677,0.0,high,1.0
10851770,0,0.8283,7,0.1114320682134971,0.9893,113.84,113.92,113.84,0.0,0.811256458173024,0.4444444444444444,0.1702765422571925,0.9892946473236618,0.4317310975378429,0.0,medium,0.7742
62173510,1,0.4722,7,0.374321002797725,0.4303,55.15,57.68,55.15,0.008403361344537815,0.4198087281521381,0.4444444444444444,0.572041424995762,0.4300150075037519,0.2090746993436777,0.0,high,0.9977
"[8380793, 1472407717]",0,1.0,5,0.0179493773781997,0.5,140.38,140.38,166.7,0.0,1.0,0.2222222222222222,0.027409888775070158,0.4997498749374687,0.5324177700216246,0.0,medium,1.0
4809707,1,0.3005,6,0.4232475080579877,0.5502,127.9,127.9,144.1,0.008403361344537815,0.23106518632516215,0.3333333333333333,0.6468142627334398,0.549974987493747,0.4850715125763497,0.0,high,1.0
"[1408654608, 1408654609, 1050464821, 1050464822, 295215799]",16,0.6999,5,0.13889534731209519,0.647,191.51,220.26,191.51,0.13445378151260504,0.6701110256128393,0.2222222222222222,0.2122478071341845,0.646823411705853,0.7263932622633636,0.0,high,0.9313
352987332,0,0.2688,5,0.46346484167414675,0.1191,190.74,190.74,192.84,0.0,0.19621853358249972,0.2222222222222222,0.7082771476202023,0.1186593296648324,0.7234720588793203,0.0,high,1.0
"[1408620384, 23620139, 23620132, 901661389]",0,0.9981,4,0.0003561092572042775,0.5,138.64,138.64,150.37,0.0,0.9979113993624271,0.1111111111111111,0.0005226509580851958,0.4997498749374687,0.5258166091278121,0.0,medium,1.0
32465719,0,0.998,6,0.008935626824627375,0.5,31.22,31.22,31.91,0.0,0.9978014730130812,0.3333333333333333,0.01363445756523951,0.4997498749374687,0.1182897682006146,0.0,low,1.0
32465719,0,0.8851,6,0.023091155706133754,0.5,37.18,42.55,37.18,0.0,0.8736946246015169,0.3333333333333333,0.03526790672572026,0.4997498749374687,0.14090064114723624,0.0,low,0.9835
136859456,0,0.6334,6,0.15363543195485396,0.5,140.79,141.81,140.79,0.0,0.5970100032977904,0.3333333333333333,0.23477461446223194,0.4997498749374687,0.533973215979362,0.0,high,0.9686
246630083,0,0.7271,8,0.044099430689377266,0.0826,86.87,86.87,87.7,0.0,0.7000109926349345,0.5555555555555556,0.06737419202270832,0.08214107053526763,0.3294131036837513,0.0,medium,1.0
246638747,0,0.5069,6,0.3332894217750973,0.0012,97.62,97.62,99.21,0.0,0.45795317137517866,0.3333333333333333,0.5093341514309538,0.0007003501750875436,0.3701961379415001,0.0,high,0.8684
553234917,0,0.5175,6,0.18877462108514245,0.0297,11.03,14.07,11.03,0.0,0.46960536440584805,0.3333333333333333,0.288476730995918,0.029214607303651826,0.04169353920861945,0.0,medium,0.999
4813536,0,0.7142,8,0.20790962643105143,0.3681,91.21,91.21,98.1,0.0,0.6858304935693085,0.5555555555555556,0.3177201572784263,0.36778389194597294,0.3458780682119959,0.0,medium,0.9797
295215808,0,0.7684,10,0.0970279389621799,0.4438,94.48,100.98,94.48,0.0,0.745410574914807,0.7777777777777778,0.14826316497769912,0.44352176088044015,0.3582836981676088,0.0,medium,0.9974
"[295215808, 1122460246]",0,0.6217,11,0.10928312099121361,0.3684,71.17,71.17,75.73,0.0,0.5841486204243157,0.8888888888888888,0.16699237386822027,0.36808404202101047,0.2698509048142949,0.0,medium,0.9523
"[1408629211, 827052044]",0,0.7394,5,0.13512163636602756,0.5874,43.5,43.5,43.63,0.0,0.713531933604485,0.2222222222222222,0.20648056349521593,0.5871935967983992,0.1648772715201639,0.0,medium,1.0
"[1427224672, 1427224673, 239838074]",0,0.5595,8,0.2939541556039196,0.6399,78.57,82.53,78.57,0.0,0.5157744311311422,0.5555555555555556,0.4492193024520582,0.639719859929965,0.2979248074661406,0.0,high,0.9997
"[922450172, 545932590]",18,0.7556,7,0.0092958369044653,0.2846,0.04,0.04,14.3,0.15126050420168066,0.731340002198527,0.4444444444444444,0.01418495529050975,0.28424212106053026,0.0,0.0,low,1.0
1337648827,13,0.9325,9,0.019344218138673364,0.0028,49.22,64.93,49.22,0.1092436974789916,0.9257997141914917,0.6666666666666666,0.029541579998426427,0.0023011505752876435,0.18657763951591488,0.0,low,1.0
525588035,0,0.7126,4,0.04550077568441803,0.0478,28.48,28.48,31.51,0.0,0.6840716719797736,0.1111111111111111,0.06951582346299418,0.04732366183091546,0.10789483667817446,0.0,low,1.0
4809712,0,0.4172,6,0.4122303136854875,0.0745,115.36,120.78,115.36,0.0,0.3593492360118721,0.3333333333333333,0.6299770314054037,0.07403701850925462,0.43749762889335714,0.0,high,1.0
246638752,0,0.4446,6,0.40031672246841876,0.1591,145.11,151.67,145.11,0.0,0.38946905573265916,0.3333333333333333,0.6117698649992144,0.1586793396698349,0.5503623050950341,0.0,high,1.0
126308546,0,0.3787,8,0.4121954026626325,0.0826,24.0,24.0,29.82,0.0,0.3170275915136858,0.5555555555555556,0.6299236779882057,0.08214107053526763,0.09089874426192193,0.0,high,0.9561
"[241618932, 709116302]",0,0.4106,6,0.33948609276952046,0.0826,52.91,52.91,54.68,0.0,0.3520940969550402,0.3333333333333333,0.5188043286348036,0.08214107053526763,0.20057665313555142,0.0,medium,0.5841
450445884,0,1.0,6,0.008935626824627375,0.9821,31.78,45.09,31.78,0.0,1.0,0.3333333333333333,0.01363445756523951,0.9820910455227614,0.12041427975264618,0.0,low,0.9398
"[1360092504, 126805516]",0,0.9812,6,0.008935626824627375,0.9821,57.7,63.3,57.7,0.0,0.9793338463229636,0.3333333333333333,0.01363445756523951,0.9820910455227614,0.2187488144466786,0.0,medium,0.9937
"[882153784, 542623450, 32465719]",0,0.9686,6,0.008935626824627375,0.9692,59.96,64.97,59.96,0.0,0.9654831263053754,0.3333333333333333,0.01363445756523951,0.9691845922961481,0.2273227360673774,0.0,medium,0.9975
295215807,0,1.0,11,0.1092831209912136,0.3684,52.48,52.48,53.79,0.0,1.0,0.8888888888888888,0.16699237386822025,0.36808404202101047,0.19894533176524148,0.0,medium,0.9999
"[1221715066, 18596059]",0,0.8015,7,1.4120299399198708e-05,0.4605,8.14,8.14,32.23,0.0,0.7817961965483126,0.4444444444444444,0.0,0.46023011505752875,0.030729542091885133,0.0,low,0.9997
239662764,119,0.6978,8,0.07994454888299342,0.4419,90.07,90.07,91.16,1.0,0.6678025722765747,0.5555555555555556,0.12215515772057901,0.44162081040520257,0.3415531696953602,0.0,low,1.0
11297310,35,0.6256,6,0.1205477288551713,0.587,16.5,16.5,20.55,0.29411764705882354,0.5884357480488073,0.3333333333333333,0.1842077194464455,0.5867933966983492,0.06244546454721348,0.0,low,0.9998
459667609,0,0.6786,6,0.01901295033582132,0.5,91.6,91.6,91.72,0.0,0.6466967132021545,0.3333333333333333,0.029035313843944092,0.4997498749374687,0.34735763875716075,0.0,medium,1.0
459667610,9,0.6873,6,2.3172552114541488e-05,0.5,93.57,94.63,93.57,0.07563025210084033,0.6562603055952512,0.3333333333333333,1.3834272851580817e-05,0.4997498749374687,0.3548313668955575,0.0,medium,1.0
230770489,0,0.3123,7,0.46493090278047955,0.0012,132.55,132.55,137.1,0.0,0.2440364955479829,0.4444444444444444,0.7105176826560529,0.0007003501750875436,0.502712545999469,0.0,high,1.0
"[284142074, 284142071]",0,0.4972,8,0.36750237422968174,0.4244,122.19,122.19,124.16,0.0,0.44729031548862264,0.5555555555555556,0.5616207296119475,0.424112056028014,0.46340908228688493,0.0,high,1.0
238326403,12,0.7485,9,0.05397704002895304,0.0028,53.68,53.68,63.44,0.10084033613445378,0.7235352313949655,0.6666666666666666,0.08246983142011546,0.0023011505752876435,0.20349785651959484,0.0,low,0.5015
1337648827,13,0.9325,9,0.01934421813867336,0.0028,49.22,64.93,49.22,0.1092436974789916,0.9257997141914917,0.6666666666666666,0.029541579998426423,0.0023011505752876435,0.18657763951591488,0.0,low,1.0
"[1360091608, 11300426]",24,0.5005,8,0.26999343778056645,0.2846,78.73,87.75,78.73,0.20168067226890757,0.45091788501703856,0.5555555555555556,0.41260089170815856,0.28424212106053026,0.2985318107667211,0.0,medium,0.9973
11301537,0,0.488,7,0.37288308736688264,0.3744,55.9,55.9,58.36,0.0,0.43717709134879634,0.4444444444444444,0.5698439041097116,0.37408704352176086,0.21192002731514856,0.0,high,0.9938
295215805,0,0.4348,6,0.4600826088118612,0.2263,61.07,61.07,61.32,0.0,0.3786962734967572,0.3333333333333333,0.7031081876125862,0.2259129564782391,0.23153382146515425,0.0,high,0.9997
246638752,0,0.2931,6,0.37237407168011394,0.1591,177.97,184.22,177.97,0.0,0.22293063647356276,0.3333333333333333,0.5690659914599071,0.1586793396698349,0.6750256079517434,0.0,high,1.0
498952132,0,0.9406,5,0.0003561092572042775,0.5,74.1,74.1,75.06,0.0,0.9347037484885127,0.2222222222222222,0.0005226509580851958,0.4997498749374687,0.28096665275617433,0.0,low,0.5851
498952130,0,0.9939,6,0.0003561092572042775,0.5,84.56,87.57,84.56,0.0,0.9932944926898978,0.3333333333333333,0.0005226509580851958,0.4997498749374687,0.3206494935316211,0.0,medium,0.9183
"[185961564, 1408629213]",0,0.8838,9,0.0179493773781997,0.4577,13.0,13.0,14.37,0.0,0.8722655820600198,0.6666666666666666,0.027409888775070158,0.4574287143571786,0.04916726734701621,0.0,low,0.9908
245672929,0,1.0,6,0.0179493773781997,0.5,124.85,124.85,132.3,0.0,1.0,0.3333333333333333,0.027409888775070158,0.4997498749374687,0.4735005121590349,0.0,medium,1.0
"[880513896, 753708189]",0,0.8682,10,0.10116942041666996,0.0313,153.31,153.31,154.7,0.0,0.8551170715620534,0.7777777777777778,0.1545924607069344,0.030815407703851924,0.5814712242497819,0.0,medium,0.9978
"[1334253122, 1334253123]",0,0.9125,6,0.11200843118509125,0.4346,112.07,112.07,114.21,0.0,0.9038144443223041,0.3333333333333333,0.17115737964224106,0.4343171585792896,0.42501612352517165,0.0,medium,1.0
4743454,0,0.2505,6,0.49539498061434534,0.0545,155.35,157.37,155.35,0.0,0.17610201165219305,0.3333333333333333,0.7570749737722383,0.054027013506753374,0.5892105163321826,0.0,high,1.0
"[305108024, 4750623]",0,0.2116,6,0.28425898567032737,0.0005,158.54,159.89,158.54,0.0,0.13334066175662307,0.3333333333333333,0.43440247945545474,0.0,0.6013126446375052,0.0,high,1.0
"[922450172, 545932590]",18,0.7556,7,0.0092958369044653,0.2846,0.04,0.04,14.3,0.15126050420168066,0.731340002198527,0.4444444444444444,0.01418495529050975,0.28424212106053026,0.0,0.0,low,1.0
"[1214207624, 1214315730, 37758422, 295215799]",53,0.711,6,0.0863839283258905,0.3243,69.78,69.78,96.35,0.44537815126050423,0.6823128503902385,0.3333333333333333,0.13199625860554534,0.3239619809904952,0.2645775636405023,0.0,low,1.0
295215804,0,0.6719,5,0.2668701816300518,0.2257,114.78,114.78,114.98,0.0,0.6393316477959767,0.2222222222222222,0.4078277176563157,0.22531265632816408,0.435297241928753,0.0,medium,0.9554
919076823,4,0.7353,7,0.04790437908488831,0.5,109.94,111.07,109.94,0.03361344537815126,0.7090249532813014,0.4444444444444444,0.07318917487227751,0.4997498749374687,0.41693539208619446,0.0,medium,1.0
10851867,5,0.5195,9,0.18234786355363036,0.4102,158.15,166.87,158.15,0.04201680672268908,0.47180389139276685,0.6666666666666666,0.2786549197807719,0.4099049524762381,0.5998330740923404,0.0,high,1.0
295215808,0,0.6914,11,0.11200843118509125,0.0313,130.6,130.6,130.74,0.0,0.6607672859184347,0.8888888888888888,0.17115737964224106,0.030815407703851924,0.49531469327364475,0.0,medium,0.693
295215808,0,0.7684,10,0.0970279389621799,0.4438,94.48,100.98,94.48,0.0,0.745410574914807,0.7777777777777778,0.14826316497769912,0.44352176088044015,0.3582836981676088,0.0,medium,0.9974
"[916847081, 11300426]",3,0.3887,7,0.4319398709822519,0.4851,143.5,145.03,143.5,0.025210084033613446,0.32802022644827966,0.4444444444444444,0.6600985273469783,0.4848424212106053,0.5442543343829432,0.0,high,1.0
62213293,0,0.3423,6,0.474207465041606,0.2197,40.11,58.78,40.11,0.0,0.27701440035176433,0.3333333333333333,0.7246947607249832,0.2193096548274137,0.1520163890891157,0.0,high,0.9998
553234917,0,0.6841,7,0.0853411655214514,0.0297,20.3,32.0,20.3,0.0,0.6527426624161812,0.4444444444444444,0.13040263703865743,0.029214607303651826,0.0768617929359991,0.0,low,0.8912
10851770,0,0.6963,7,0.18291290687801842,0.0473,10.45,10.45,11.04,0.0,0.6661536770363856,0.4444444444444444,0.2795184577053484,0.04682341170585293,0.03949315224401533,0.0,medium,0.7435
235508887,0,0.7591,6,0.053287561411486335,0.0473,30.94,30.94,34.68,0.0,0.7351874244256348,0.3333333333333333,0.08141612295446489,0.04682341170585293,0.11722751242459883,0.0,low,0.9986
10851731,0,0.7055,6,0.18702529070383783,0.1209,119.01,119.01,121.78,0.0,0.6762669011762119,0.3333333333333333,0.2858032844447065,0.12046023011505752,0.4513448916878486,0.0,medium,0.9993
"[753730064, 246638752]",0,0.3476,6,0.4693586859269617,0.0596,72.13,75.24,72.13,0.0,0.2828404968670991,0.3333333333333333,0.717284524248118,0.05912956478239119,0.2734929246177776,0.0,high,1.0
10428122,0,0.4342,9,0.4023360075458647,0.0528,111.92,112.14,111.92,0.0,0.37803671540068157,0.6666666666666666,0.6148558748141154,0.05232616308154077,0.4244470579308775,0.0,high,1.0
553234918,2,0.7608,7,0.05350827289234977,0.0596,45.5,45.5,46.59,0.01680672268907563,0.7370561723645158,0.4444444444444444,0.08175342936246718,0.05912956478239119,0.17246481277741949,0.0,low,0.7667
553309958,0,0.9037,7,0.39889922573762,0.5,52.31,52.31,54.86,0.0,0.8941409255798615,0.4444444444444444,0.6096035493696411,0.4997498749374687,0.19830039075837477,0.0,medium,0.9998
261716934,0,0.5254,7,0.39889922573762,0.0878,48.18,48.18,51.04,0.0,0.4782895460041772,0.4444444444444444,0.6096035493696411,0.08734367183591796,0.182632118062142,0.0,medium,0.7025
"[880513897, 1408629212]",0,0.7616,7,0.11556993184935664,0.1977,82.99,82.99,108.39,0.0,0.7379355831592833,0.4444444444444444,0.17660030898810697,0.19729864932466232,0.3146932736446754,0.0,medium,1.0
295215808,0,0.6914,11,0.11200843118509124,0.0313,130.6,130.6,130.74,0.0,0.6607672859184347,0.8888888888888888,0.17115737964224104,0.030815407703851924,0.49531469327364475,0.0,medium,0.693
"[880513896, 753708189]",0,0.8682,10,0.10116942041666996,0.0313,153.31,153.31,154.7,0.0,0.8551170715620534,0.7777777777777778,0.1545924607069344,0.030815407703851924,0.5814712242497819,0.0,medium,0.9978
880513897,0,0.7701,9,0.10116942041666996,0.2219,180.6,180.6,181.57,0.0,0.747279322853688,0.6666666666666666,0.1545924607069344,0.22151075537768883,0.6850032247050344,0.0,high,0.9675
548337280,0,1.0,5,0.0179493773781997,0.5,101.66,101.66,109.51,0.0,1.0,0.2222222222222222,0.027409888775070158,0.4997498749374687,0.38552297128115637,0.0,medium,0.996
610191184,4,0.472,6,0.18051929010365073,0.5,99.16,99.16,99.73,0.03361344537815126,0.4195888754534462,0.3333333333333333,0.2758603685423494,0.4997498749374687,0.37603854470958686,0.0,high,0.9099
919076824,4,0.8036,7,0.01690646764354515,0.5,108.73,110.01,108.73,0.03361344537815126,0.7841046498845773,0.4444444444444444,0.02581604265935945,0.4997498749374687,0.41234492962555486,0.0,medium,1.0
553238923,0,0.9948,6,0.08744051185867913,0.5,102.93,103.81,102.93,0.0,0.9942838298340112,0.3333333333333333,0.13361100195648057,0.4997498749374687,0.3903410599795137,0.0,medium,1.0
"[681892456, 442601124]",0,0.5586,3,0.25465782255672054,0.2257,133.65,134.19,133.65,0.0,0.5147850939870288,0.0,0.38916395374088847,0.22531265632816408,0.5068856936909596,0.0,high,0.5759
827052043,0,0.8678,6,0.11556993184935664,0.2297,157.28,157.28,185.88,0.0,0.8546773661646697,0.3333333333333333,0.17660030898810697,0.2293146573286643,0.5965324936454343,0.0,medium,0.9999
880513895,0,0.9938,5,0.0179493773781997,0.5,82.61,82.61,101.37,0.0,0.9931845663405519,0.2222222222222222,0.027409888775070158,0.4997498749374687,0.31325164080579687,0.0,medium,0.6625
880513895,0,0.9044,4,0.0179493773781997,0.5,17.85,17.85,25.11,0.0,0.894910410025283,0.1111111111111111,0.027409888775070158,0.4997498749374687,0.06756705489586101,0.0,low,1.0
246630088,0,0.5495,7,0.250894111394657,0.0596,49.99,49.99,52.26,0.0,0.5047817961965483,0.4444444444444444,0.3834119924570109,0.05912956478239119,0.1894988428999583,0.0,medium,0.9999
10851867,0,0.4956,9,0.30942098572833715,0.0559,64.36,82.85,64.36,0.0,0.44553149389908764,0.6666666666666666,0.4728567720211057,0.05542771385692846,0.24401532683333965,0.0,high,0.8612
246630085,0,0.5479,7,0.13043267682041884,0.0473,47.97,47.97,48.73,0.0,0.5030229746070134,0.4444444444444444,0.19931457423444007,0.04682341170585293,0.18183542623013013,0.0,medium,1.0
294871190,0,1.0,4,0.0179493773781997,0.5,140.27,140.27,149.3,0.0,1.0,0.1111111111111111,0.027409888775070158,0.4997498749374687,0.5320004552524755,0.0,medium,1.0
457714535,0,0.761,5,0.04835784158124066,0.4615,36.03,36.03,56.47,0.0,0.7372760250632077,0.2222222222222222,0.07388218733003454,0.4612306153076538,0.1365378049243143,0.0,low,0.5863
4743386,0,0.3421,7,0.25269993309705036,0.2057,61.48,61.48,64.35,0.0,0.2767945476530725,0.4444444444444444,0.3861717729158433,0.2053026513256628,0.23308926742289163,0.0,high,0.9645
450445884,0,1.0,6,0.008935626824627375,0.9821,42.59,46.87,42.59,0.0,1.0,0.3333333333333333,0.01363445756523951,0.9820910455227614,0.16142494024811263,0.0,medium,0.5396
1021939550,0,1.0,6,0.008935626824627375,0.9821,34.69,39.94,34.69,0.0,1.0,0.3333333333333333,0.01363445756523951,0.9820910455227614,0.13145415228195304,0.0,low,0.8771
"[1408620386, 283764975]",0,1.0,6,0.0003561092572042775,0.5,97.79,102.97,97.79,0.0,1.0,0.3333333333333333,0.0005226509580851958,0.4997498749374687,0.3708410789483668,0.0,medium,0.9967
283764988,0,1.0,6,0.008935626824627375,0.9821,73.16,74.71,73.16,0.0,1.0,0.3333333333333333,0.01363445756523951,0.9820910455227614,0.27740050836526425,0.0,medium,0.9998
283764989,0,1.0,6,0.008935626824627375,0.9821,48.85,49.54,48.85,0.0,1.0,0.3333333333333333,0.01363445756523951,0.9820910455227614,0.1851739443833226,0.0,medium,0.8632
1021939550,0,1.0,6,0.008935626824627375,0.9821,39.49,39.49,42.99,0.0,1.0,0.3333333333333333,0.01363445756523951,0.9820910455227614,0.14966425129936647,0.0,low,0.6625
1021939550,0,1.0,5,0.008935626824627375,0.9821,46.54,46.54,55.14,0.0,1.0,0.2222222222222222,0.01363445756523951,0.9820910455227614,0.1764103342311924,0.0,low,0.7489
1408620383,0,0.9777,6,0.0003561092572042775,0.5,72.52,74.2,72.52,0.0,0.9754864240958558,0.3333333333333333,0.0005226509580851958,0.4997498749374687,0.2749724951629424,0.0,low,0.5247
1427141856,1,0.7482,6,2.3172552114541488e-05,0.5,100.74,101.82,100.74,0.008403361344537815,0.7232054523469276,0.3333333333333333,1.3834272851580817e-05,0.4997498749374687,0.38203270230281877,0.0,medium,1.0
4785424,0,0.4305,7,0.3917666786211284,0.3666,70.16,74.61,70.16,0.0,0.37396944047488184,0.4444444444444444,0.5987031021506789,0.36628314157078534,0.2660191964793808,0.0,high,1.0
1223827918,0,0.8228,5,0.055428559788120356,0.7976,31.79,31.79,32.31,0.0,0.8052105089589975,0.2222222222222222,0.08468814337286801,0.7974987493746873,0.12045221745893245,0.0,medium,0.9104
